"Produkt_Code","SDO_ID","Zeitstempel","Wert","Qualitaet_Byte","Qualitaet_Niveau"
"OBS_DEU_P1D_T2M_X",1757,1920-01-01,4.7,0,1
"OBS_DEU_P1D_T2M_X",1757,1920-01-02,1.1,0,1
"OBS_DEU_P1D_T2M_X",1757,1920-01-03,0.9,0,1
"OBS_DEU_P1D_T2M_X",1757,1920-01-04,-0.2,0,1
"OBS_DEU_P1D_T2M_X",1757,1920-01-05,0,0,1
"OBS_DEU_P1D_T2M_X",1757,1920-01-06,0.4,0,1
"OBS_DEU_P1D_T2M_X",1757,1920-01-07,-0.9,0,1
"OBS_DEU_P1D_T2M_X",1757,1920-01-08,4.1,0,1
"OBS_DEU_P1D_T2M_X",1757,1920-01-09,3.6,0,1
"OBS_DEU_P1D_T2M_X",1757,1920-01-10,2.3,0,1
"OBS_DEU_P1D_T2M_X",1757,1920-01-11,6.2,0,1
"OBS_DEU_P1D_T2M_X",1757,1920-01-12,6.2,0,1
"OBS_DEU_P1D_T2M_X",1757,1920-01-13,4.9,0,1
"OBS_DEU_P1D_T2M_X",1757,1920-01-14,3.1,0,1
"OBS_DEU_P1D_T2M_X",1757,1920-01-15,1.7,0,1
"OBS_DEU_P1D_T2M_X",1757,1920-01-16,6.3,0,1
"OBS_DEU_P1D_T2M_X",1757,1920-01-17,7.7,0,1
"OBS_DEU_P1D_T2M_X",1757,1920-01-18,8.8,0,1
"OBS_DEU_P1D_T2M_X",1757,1920-01-19,9.7,0,1
"OBS_DEU_P1D_T2M_X",1757,1920-01-20,7,0,1
"OBS_DEU_P1D_T2M_X",1757,1920-01-21,3.5,0,1
"OBS_DEU_P1D_T2M_X",1757,1920-01-22,1.8,0,1
"OBS_DEU_P1D_T2M_X",1757,1920-01-23,2.6,0,1
"OBS_DEU_P1D_T2M_X",1757,1920-01-24,2,0,1
"OBS_DEU_P1D_T2M_X",1757,1920-01-25,5.7,0,1
"OBS_DEU_P1D_T2M_X",1757,1920-01-26,1.6,0,1
"OBS_DEU_P1D_T2M_X",1757,1920-01-27,1,0,1
"OBS_DEU_P1D_T2M_X",1757,1920-01-28,-0.3,0,1
"OBS_DEU_P1D_T2M_X",1757,1920-01-29,-3.4,0,1
"OBS_DEU_P1D_T2M_X",1757,1920-01-30,1.9,0,1
"OBS_DEU_P1D_T2M_X",1757,1920-01-31,3.3,0,1
"OBS_DEU_P1D_T2M_X",1757,1920-02-01,4.5,0,1
"OBS_DEU_P1D_T2M_X",1757,1920-02-02,6.1,0,1
"OBS_DEU_P1D_T2M_X",1757,1920-02-03,7.9,0,1
"OBS_DEU_P1D_T2M_X",1757,1920-02-04,5.6,0,1
"OBS_DEU_P1D_T2M_X",1757,1920-02-05,5.4,0,1
"OBS_DEU_P1D_T2M_X",1757,1920-02-06,1.4,0,1
"OBS_DEU_P1D_T2M_X",1757,1920-02-07,1.5,0,1
"OBS_DEU_P1D_T2M_X",1757,1920-02-08,4.7,0,1
"OBS_DEU_P1D_T2M_X",1757,1920-02-09,1.8,0,1
"OBS_DEU_P1D_T2M_X",1757,1920-02-10,6.7,0,1
"OBS_DEU_P1D_T2M_X",1757,1920-02-11,8.2,0,1
"OBS_DEU_P1D_T2M_X",1757,1920-02-12,5,0,1
"OBS_DEU_P1D_T2M_X",1757,1920-02-13,3.6,0,1
"OBS_DEU_P1D_T2M_X",1757,1920-02-14,6.7,0,1
"OBS_DEU_P1D_T2M_X",1757,1920-02-15,3.1,0,1
"OBS_DEU_P1D_T2M_X",1757,1920-02-16,8.7,0,1
"OBS_DEU_P1D_T2M_X",1757,1920-02-17,7.6,0,1
"OBS_DEU_P1D_T2M_X",1757,1920-02-18,6.3,0,1
"OBS_DEU_P1D_T2M_X",1757,1920-02-19,10.3,0,1
"OBS_DEU_P1D_T2M_X",1757,1920-02-20,10.2,0,1
"OBS_DEU_P1D_T2M_X",1757,1920-02-21,2.8,0,1
"OBS_DEU_P1D_T2M_X",1757,1920-02-22,2.4,0,1
"OBS_DEU_P1D_T2M_X",1757,1920-02-23,8.6,0,1
"OBS_DEU_P1D_T2M_X",1757,1920-02-24,4.4,0,1
"OBS_DEU_P1D_T2M_X",1757,1920-02-25,5.5,0,1
"OBS_DEU_P1D_T2M_X",1757,1920-02-26,9,0,1
"OBS_DEU_P1D_T2M_X",1757,1920-02-27,7.3,0,1
"OBS_DEU_P1D_T2M_X",1757,1920-02-28,4.4,0,1
"OBS_DEU_P1D_T2M_X",1757,1920-02-29,7.1,0,1
"OBS_DEU_P1D_T2M_X",1757,1920-03-01,8.7,0,1
"OBS_DEU_P1D_T2M_X",1757,1920-03-02,12.7,0,1
"OBS_DEU_P1D_T2M_X",1757,1920-03-03,10,0,1
"OBS_DEU_P1D_T2M_X",1757,1920-03-04,8.1,0,1
"OBS_DEU_P1D_T2M_X",1757,1920-03-05,15.1,0,1
"OBS_DEU_P1D_T2M_X",1757,1920-03-06,15.3,0,1
"OBS_DEU_P1D_T2M_X",1757,1920-03-07,17.1,5,1
"OBS_DEU_P1D_T2M_X",1757,1920-03-08,5.3,0,1
"OBS_DEU_P1D_T2M_X",1757,1920-03-09,4.6,0,1
"OBS_DEU_P1D_T2M_X",1757,1920-03-10,6.1,0,1
"OBS_DEU_P1D_T2M_X",1757,1920-03-11,5.7,0,1
"OBS_DEU_P1D_T2M_X",1757,1920-03-12,1.6,0,1
"OBS_DEU_P1D_T2M_X",1757,1920-03-13,7.1,0,1
"OBS_DEU_P1D_T2M_X",1757,1920-03-14,4.6,0,1
"OBS_DEU_P1D_T2M_X",1757,1920-03-15,5.4,0,1
"OBS_DEU_P1D_T2M_X",1757,1920-03-16,9.9,0,1
"OBS_DEU_P1D_T2M_X",1757,1920-03-17,6.6,0,1
"OBS_DEU_P1D_T2M_X",1757,1920-03-18,10.2,5,1
"OBS_DEU_P1D_T2M_X",1757,1920-03-19,8.5,0,1
"OBS_DEU_P1D_T2M_X",1757,1920-03-20,8.1,0,1
"OBS_DEU_P1D_T2M_X",1757,1920-03-21,10.1,0,1
"OBS_DEU_P1D_T2M_X",1757,1920-03-22,8.2,5,1
"OBS_DEU_P1D_T2M_X",1757,1920-03-23,7.7,0,1
"OBS_DEU_P1D_T2M_X",1757,1920-03-24,11.5,0,1
"OBS_DEU_P1D_T2M_X",1757,1920-03-25,13.3,0,1
"OBS_DEU_P1D_T2M_X",1757,1920-03-26,15.2,0,1
"OBS_DEU_P1D_T2M_X",1757,1920-03-27,17.4,0,1
"OBS_DEU_P1D_T2M_X",1757,1920-03-28,15.2,0,1
"OBS_DEU_P1D_T2M_X",1757,1920-03-29,14.9,0,1
"OBS_DEU_P1D_T2M_X",1757,1920-03-30,10.8,0,1
"OBS_DEU_P1D_T2M_X",1757,1920-03-31,11.7,0,1
"OBS_DEU_P1D_T2M_X",1757,1920-04-01,15.2,0,1
"OBS_DEU_P1D_T2M_X",1757,1920-04-02,15.1,0,1
"OBS_DEU_P1D_T2M_X",1757,1920-04-03,11.1,0,1
"OBS_DEU_P1D_T2M_X",1757,1920-04-04,15.2,0,1
"OBS_DEU_P1D_T2M_X",1757,1920-04-05,10.4,0,1
"OBS_DEU_P1D_T2M_X",1757,1920-04-06,11.2,0,1
"OBS_DEU_P1D_T2M_X",1757,1920-04-07,10.2,0,1
"OBS_DEU_P1D_T2M_X",1757,1920-04-08,12.4,0,1
"OBS_DEU_P1D_T2M_X",1757,1920-04-09,17.6,0,1
"OBS_DEU_P1D_T2M_X",1757,1920-04-10,16.3,0,1
"OBS_DEU_P1D_T2M_X",1757,1920-04-11,13.5,0,1
"OBS_DEU_P1D_T2M_X",1757,1920-04-12,13,0,1
"OBS_DEU_P1D_T2M_X",1757,1920-04-13,16.1,0,1
"OBS_DEU_P1D_T2M_X",1757,1920-04-14,16.3,0,1
"OBS_DEU_P1D_T2M_X",1757,1920-04-15,17.6,0,1
"OBS_DEU_P1D_T2M_X",1757,1920-04-16,18.7,0,1
"OBS_DEU_P1D_T2M_X",1757,1920-04-17,17.7,0,1
"OBS_DEU_P1D_T2M_X",1757,1920-04-18,17.7,0,1
"OBS_DEU_P1D_T2M_X",1757,1920-04-19,13.5,0,1
"OBS_DEU_P1D_T2M_X",1757,1920-04-20,15.1,0,1
"OBS_DEU_P1D_T2M_X",1757,1920-04-21,12.7,0,1
"OBS_DEU_P1D_T2M_X",1757,1920-04-22,10.1,0,1
"OBS_DEU_P1D_T2M_X",1757,1920-04-23,9.4,0,1
"OBS_DEU_P1D_T2M_X",1757,1920-04-24,15.9,0,1
"OBS_DEU_P1D_T2M_X",1757,1920-04-25,15.9,0,1
"OBS_DEU_P1D_T2M_X",1757,1920-04-26,13.7,0,1
"OBS_DEU_P1D_T2M_X",1757,1920-04-27,9.4,0,1
"OBS_DEU_P1D_T2M_X",1757,1920-04-28,10.7,0,1
"OBS_DEU_P1D_T2M_X",1757,1920-04-29,11.4,0,1
"OBS_DEU_P1D_T2M_X",1757,1920-04-30,12.2,0,1
"OBS_DEU_P1D_T2M_X",1757,1920-05-01,10.9,0,1
"OBS_DEU_P1D_T2M_X",1757,1920-05-02,16.8,0,1
"OBS_DEU_P1D_T2M_X",1757,1920-05-03,18.3,0,1
"OBS_DEU_P1D_T2M_X",1757,1920-05-04,17.3,0,1
"OBS_DEU_P1D_T2M_X",1757,1920-05-05,11.6,0,1
"OBS_DEU_P1D_T2M_X",1757,1920-05-06,11.6,0,1
"OBS_DEU_P1D_T2M_X",1757,1920-05-07,14,0,1
"OBS_DEU_P1D_T2M_X",1757,1920-05-08,13.5,0,1
"OBS_DEU_P1D_T2M_X",1757,1920-05-09,15,0,1
"OBS_DEU_P1D_T2M_X",1757,1920-05-10,12.9,0,1
"OBS_DEU_P1D_T2M_X",1757,1920-05-11,14,0,1
"OBS_DEU_P1D_T2M_X",1757,1920-05-12,18.5,0,1
"OBS_DEU_P1D_T2M_X",1757,1920-05-13,23.9,0,1
"OBS_DEU_P1D_T2M_X",1757,1920-05-14,16.2,0,1
"OBS_DEU_P1D_T2M_X",1757,1920-05-15,11.8,0,1
"OBS_DEU_P1D_T2M_X",1757,1920-05-16,15.1,0,1
"OBS_DEU_P1D_T2M_X",1757,1920-05-17,19.9,0,1
"OBS_DEU_P1D_T2M_X",1757,1920-05-18,22.2,0,1
"OBS_DEU_P1D_T2M_X",1757,1920-05-19,17.3,0,1
"OBS_DEU_P1D_T2M_X",1757,1920-05-20,14.6,0,1
"OBS_DEU_P1D_T2M_X",1757,1920-05-21,15.9,0,1
"OBS_DEU_P1D_T2M_X",1757,1920-05-22,17.8,0,1
"OBS_DEU_P1D_T2M_X",1757,1920-05-23,18.7,0,1
"OBS_DEU_P1D_T2M_X",1757,1920-05-24,18.4,0,1
"OBS_DEU_P1D_T2M_X",1757,1920-05-25,20.8,0,1
"OBS_DEU_P1D_T2M_X",1757,1920-05-26,22.9,0,1
"OBS_DEU_P1D_T2M_X",1757,1920-05-27,14.4,0,1
"OBS_DEU_P1D_T2M_X",1757,1920-05-28,13.7,0,1
"OBS_DEU_P1D_T2M_X",1757,1920-05-29,17.8,0,1
"OBS_DEU_P1D_T2M_X",1757,1920-05-30,25.6,0,1
"OBS_DEU_P1D_T2M_X",1757,1920-05-31,19.6,0,1
"OBS_DEU_P1D_T2M_X",1757,1920-06-01,19.1,0,1
"OBS_DEU_P1D_T2M_X",1757,1920-06-02,15.6,0,1
"OBS_DEU_P1D_T2M_X",1757,1920-06-03,14.1,0,1
"OBS_DEU_P1D_T2M_X",1757,1920-06-04,13.9,0,1
"OBS_DEU_P1D_T2M_X",1757,1920-06-05,15.1,0,1
"OBS_DEU_P1D_T2M_X",1757,1920-06-06,13.8,0,1
"OBS_DEU_P1D_T2M_X",1757,1920-06-07,12.1,0,1
"OBS_DEU_P1D_T2M_X",1757,1920-06-08,13.9,0,1
"OBS_DEU_P1D_T2M_X",1757,1920-06-09,14.7,0,1
"OBS_DEU_P1D_T2M_X",1757,1920-06-10,15.4,0,1
"OBS_DEU_P1D_T2M_X",1757,1920-06-11,16.1,0,1
"OBS_DEU_P1D_T2M_X",1757,1920-06-12,20.4,0,1
"OBS_DEU_P1D_T2M_X",1757,1920-06-13,19.3,0,1
"OBS_DEU_P1D_T2M_X",1757,1920-06-14,17.7,0,1
"OBS_DEU_P1D_T2M_X",1757,1920-06-15,17.2,0,1
"OBS_DEU_P1D_T2M_X",1757,1920-06-16,22.5,0,1
"OBS_DEU_P1D_T2M_X",1757,1920-06-17,20.8,0,1
"OBS_DEU_P1D_T2M_X",1757,1920-06-18,20.6,0,1
"OBS_DEU_P1D_T2M_X",1757,1920-06-19,17.4,0,1
"OBS_DEU_P1D_T2M_X",1757,1920-06-20,22.2,0,1
"OBS_DEU_P1D_T2M_X",1757,1920-06-21,25.2,0,1
"OBS_DEU_P1D_T2M_X",1757,1920-06-22,18.5,0,1
"OBS_DEU_P1D_T2M_X",1757,1920-06-23,21.5,0,1
"OBS_DEU_P1D_T2M_X",1757,1920-06-24,17.5,0,1
"OBS_DEU_P1D_T2M_X",1757,1920-06-25,15.5,0,1
"OBS_DEU_P1D_T2M_X",1757,1920-06-26,18.3,0,1
"OBS_DEU_P1D_T2M_X",1757,1920-06-27,17.8,0,1
"OBS_DEU_P1D_T2M_X",1757,1920-06-28,18.4,0,1
"OBS_DEU_P1D_T2M_X",1757,1920-06-29,24,0,1
"OBS_DEU_P1D_T2M_X",1757,1920-06-30,28.3,0,1
"OBS_DEU_P1D_T2M_X",1757,1920-07-01,21.4,0,1
"OBS_DEU_P1D_T2M_X",1757,1920-07-02,24.9,0,1
"OBS_DEU_P1D_T2M_X",1757,1920-07-03,22.8,0,1
"OBS_DEU_P1D_T2M_X",1757,1920-07-04,29.5,0,1
"OBS_DEU_P1D_T2M_X",1757,1920-07-05,21.1,0,1
"OBS_DEU_P1D_T2M_X",1757,1920-07-06,24.5,0,1
"OBS_DEU_P1D_T2M_X",1757,1920-07-07,27.9,0,1
"OBS_DEU_P1D_T2M_X",1757,1920-07-08,27.5,0,1
"OBS_DEU_P1D_T2M_X",1757,1920-07-09,22.2,0,1
"OBS_DEU_P1D_T2M_X",1757,1920-07-10,17.4,0,1
"OBS_DEU_P1D_T2M_X",1757,1920-07-11,20.9,0,1
"OBS_DEU_P1D_T2M_X",1757,1920-07-12,26.2,0,1
"OBS_DEU_P1D_T2M_X",1757,1920-07-13,23.1,0,1
"OBS_DEU_P1D_T2M_X",1757,1920-07-14,19,0,1
"OBS_DEU_P1D_T2M_X",1757,1920-07-15,21.4,0,1
"OBS_DEU_P1D_T2M_X",1757,1920-07-16,23.1,0,1
"OBS_DEU_P1D_T2M_X",1757,1920-07-17,26.8,0,1
"OBS_DEU_P1D_T2M_X",1757,1920-07-18,27.4,0,1
"OBS_DEU_P1D_T2M_X",1757,1920-07-19,20.9,0,1
"OBS_DEU_P1D_T2M_X",1757,1920-07-20,21.9,0,1
"OBS_DEU_P1D_T2M_X",1757,1920-07-21,22.4,0,1
"OBS_DEU_P1D_T2M_X",1757,1920-07-22,27.3,0,1
"OBS_DEU_P1D_T2M_X",1757,1920-07-23,21.9,0,1
"OBS_DEU_P1D_T2M_X",1757,1920-07-24,22.9,0,1
"OBS_DEU_P1D_T2M_X",1757,1920-07-25,17.5,0,1
"OBS_DEU_P1D_T2M_X",1757,1920-07-26,23.8,0,1
"OBS_DEU_P1D_T2M_X",1757,1920-07-27,18.2,0,1
"OBS_DEU_P1D_T2M_X",1757,1920-07-28,18.4,0,1
"OBS_DEU_P1D_T2M_X",1757,1920-07-29,19.7,0,1
"OBS_DEU_P1D_T2M_X",1757,1920-07-30,19.6,0,1
"OBS_DEU_P1D_T2M_X",1757,1920-07-31,19.4,0,1
"OBS_DEU_P1D_T2M_X",1757,1920-08-01,20.4,0,1
"OBS_DEU_P1D_T2M_X",1757,1920-08-02,21.4,0,1
"OBS_DEU_P1D_T2M_X",1757,1920-08-03,25.4,0,1
"OBS_DEU_P1D_T2M_X",1757,1920-08-04,22.4,0,1
"OBS_DEU_P1D_T2M_X",1757,1920-08-05,28.3,0,1
"OBS_DEU_P1D_T2M_X",1757,1920-08-06,19.9,0,1
"OBS_DEU_P1D_T2M_X",1757,1920-08-07,18.1,0,1
"OBS_DEU_P1D_T2M_X",1757,1920-08-08,18.9,0,1
"OBS_DEU_P1D_T2M_X",1757,1920-08-09,23.6,0,1
"OBS_DEU_P1D_T2M_X",1757,1920-08-10,20.4,0,1
"OBS_DEU_P1D_T2M_X",1757,1920-08-11,20,0,1
"OBS_DEU_P1D_T2M_X",1757,1920-08-12,20.6,0,1
"OBS_DEU_P1D_T2M_X",1757,1920-08-13,18.1,0,1
"OBS_DEU_P1D_T2M_X",1757,1920-08-14,19.3,0,1
"OBS_DEU_P1D_T2M_X",1757,1920-08-15,18.1,0,1
"OBS_DEU_P1D_T2M_X",1757,1920-08-16,21,0,1
"OBS_DEU_P1D_T2M_X",1757,1920-08-17,21.3,0,1
"OBS_DEU_P1D_T2M_X",1757,1920-08-18,25.8,0,1
"OBS_DEU_P1D_T2M_X",1757,1920-08-19,26.7,0,1
"OBS_DEU_P1D_T2M_X",1757,1920-08-20,17.2,0,1
"OBS_DEU_P1D_T2M_X",1757,1920-08-21,18.1,0,1
"OBS_DEU_P1D_T2M_X",1757,1920-08-22,19.7,0,1
"OBS_DEU_P1D_T2M_X",1757,1920-08-23,18.9,0,1
"OBS_DEU_P1D_T2M_X",1757,1920-08-24,16.3,0,1
"OBS_DEU_P1D_T2M_X",1757,1920-08-25,18.4,0,1
"OBS_DEU_P1D_T2M_X",1757,1920-08-26,17.1,0,1
"OBS_DEU_P1D_T2M_X",1757,1920-08-27,16.3,0,1
"OBS_DEU_P1D_T2M_X",1757,1920-08-28,17.6,0,1
"OBS_DEU_P1D_T2M_X",1757,1920-08-29,16.4,0,1
"OBS_DEU_P1D_T2M_X",1757,1920-08-30,14.5,0,1
"OBS_DEU_P1D_T2M_X",1757,1920-08-31,16.3,0,1
"OBS_DEU_P1D_T2M_X",1757,1920-09-01,19.3,5,1
"OBS_DEU_P1D_T2M_X",1757,1920-09-02,15.4,0,1
"OBS_DEU_P1D_T2M_X",1757,1920-09-03,15.4,0,1
"OBS_DEU_P1D_T2M_X",1757,1920-09-04,19.1,0,1
"OBS_DEU_P1D_T2M_X",1757,1920-09-05,15.7,0,1
"OBS_DEU_P1D_T2M_X",1757,1920-09-06,15.1,0,1
"OBS_DEU_P1D_T2M_X",1757,1920-09-07,15.4,0,1
"OBS_DEU_P1D_T2M_X",1757,1920-09-08,13.6,0,1
"OBS_DEU_P1D_T2M_X",1757,1920-09-09,15.3,0,1
"OBS_DEU_P1D_T2M_X",1757,1920-09-10,17.7,0,1
"OBS_DEU_P1D_T2M_X",1757,1920-09-11,15.5,0,1
"OBS_DEU_P1D_T2M_X",1757,1920-09-12,16.4,0,1
"OBS_DEU_P1D_T2M_X",1757,1920-09-13,16.3,0,1
"OBS_DEU_P1D_T2M_X",1757,1920-09-14,16.9,0,1
"OBS_DEU_P1D_T2M_X",1757,1920-09-15,18.9,0,1
"OBS_DEU_P1D_T2M_X",1757,1920-09-16,20.1,0,1
"OBS_DEU_P1D_T2M_X",1757,1920-09-17,16.8,0,1
"OBS_DEU_P1D_T2M_X",1757,1920-09-18,19.7,0,1
"OBS_DEU_P1D_T2M_X",1757,1920-09-19,18.1,0,1
"OBS_DEU_P1D_T2M_X",1757,1920-09-20,17.2,0,1
"OBS_DEU_P1D_T2M_X",1757,1920-09-21,14.6,0,1
"OBS_DEU_P1D_T2M_X",1757,1920-09-22,14.3,0,1
"OBS_DEU_P1D_T2M_X",1757,1920-09-23,16.3,0,1
"OBS_DEU_P1D_T2M_X",1757,1920-09-24,15.3,0,1
"OBS_DEU_P1D_T2M_X",1757,1920-09-25,17.4,0,1
"OBS_DEU_P1D_T2M_X",1757,1920-09-26,15.6,0,1
"OBS_DEU_P1D_T2M_X",1757,1920-09-27,18.1,0,1
"OBS_DEU_P1D_T2M_X",1757,1920-09-28,15.7,0,1
"OBS_DEU_P1D_T2M_X",1757,1920-09-29,17.4,0,1
"OBS_DEU_P1D_T2M_X",1757,1920-09-30,18.6,0,1
"OBS_DEU_P1D_T2M_X",1757,1920-10-01,19.4,0,1
"OBS_DEU_P1D_T2M_X",1757,1920-10-02,14.1,0,1
"OBS_DEU_P1D_T2M_X",1757,1920-10-03,11.3,0,1
"OBS_DEU_P1D_T2M_X",1757,1920-10-04,11.2,0,1
"OBS_DEU_P1D_T2M_X",1757,1920-10-05,10.9,0,1
"OBS_DEU_P1D_T2M_X",1757,1920-10-06,14.1,0,1
"OBS_DEU_P1D_T2M_X",1757,1920-10-07,15.2,0,1
"OBS_DEU_P1D_T2M_X",1757,1920-10-08,15.1,0,1
"OBS_DEU_P1D_T2M_X",1757,1920-10-09,11.9,0,1
"OBS_DEU_P1D_T2M_X",1757,1920-10-10,11.9,0,1
"OBS_DEU_P1D_T2M_X",1757,1920-10-11,14.8,0,1
"OBS_DEU_P1D_T2M_X",1757,1920-10-12,14.9,0,1
"OBS_DEU_P1D_T2M_X",1757,1920-10-13,13.7,0,1
"OBS_DEU_P1D_T2M_X",1757,1920-10-14,12.2,0,1
"OBS_DEU_P1D_T2M_X",1757,1920-10-15,12,0,1
"OBS_DEU_P1D_T2M_X",1757,1920-10-16,10.7,0,1
"OBS_DEU_P1D_T2M_X",1757,1920-10-17,7.3,0,1
"OBS_DEU_P1D_T2M_X",1757,1920-10-18,6.8,0,1
"OBS_DEU_P1D_T2M_X",1757,1920-10-19,7.8,0,1
"OBS_DEU_P1D_T2M_X",1757,1920-10-20,7.9,0,1
"OBS_DEU_P1D_T2M_X",1757,1920-10-21,7.9,0,1
"OBS_DEU_P1D_T2M_X",1757,1920-10-22,8,0,1
"OBS_DEU_P1D_T2M_X",1757,1920-10-23,7.2,0,1
"OBS_DEU_P1D_T2M_X",1757,1920-10-24,8.2,0,1
"OBS_DEU_P1D_T2M_X",1757,1920-10-25,9.2,0,1
"OBS_DEU_P1D_T2M_X",1757,1920-10-26,8.5,0,1
"OBS_DEU_P1D_T2M_X",1757,1920-10-27,8.7,0,1
"OBS_DEU_P1D_T2M_X",1757,1920-10-28,8.8,0,1
"OBS_DEU_P1D_T2M_X",1757,1920-10-29,3.1,0,1
"OBS_DEU_P1D_T2M_X",1757,1920-10-30,1.5,0,1
"OBS_DEU_P1D_T2M_X",1757,1920-10-31,4.1,0,1
"OBS_DEU_P1D_T2M_X",1757,1920-11-01,4.1,0,1
"OBS_DEU_P1D_T2M_X",1757,1920-11-02,5.2,0,1
"OBS_DEU_P1D_T2M_X",1757,1920-11-03,4.3,0,1
"OBS_DEU_P1D_T2M_X",1757,1920-11-04,3.1,0,1
"OBS_DEU_P1D_T2M_X",1757,1920-11-05,2.6,0,1
"OBS_DEU_P1D_T2M_X",1757,1920-11-06,4.4,0,1
"OBS_DEU_P1D_T2M_X",1757,1920-11-07,7.2,0,1
"OBS_DEU_P1D_T2M_X",1757,1920-11-08,6.6,0,1
"OBS_DEU_P1D_T2M_X",1757,1920-11-09,9.1,0,1
"OBS_DEU_P1D_T2M_X",1757,1920-11-10,10.9,0,1
"OBS_DEU_P1D_T2M_X",1757,1920-11-11,9.8,0,1
"OBS_DEU_P1D_T2M_X",1757,1920-11-12,6.7,0,1
"OBS_DEU_P1D_T2M_X",1757,1920-11-13,4.5,0,1
"OBS_DEU_P1D_T2M_X",1757,1920-11-14,7.2,0,1
"OBS_DEU_P1D_T2M_X",1757,1920-11-15,13,0,1
"OBS_DEU_P1D_T2M_X",1757,1920-11-16,13.2,0,1
"OBS_DEU_P1D_T2M_X",1757,1920-11-17,8.1,0,1
"OBS_DEU_P1D_T2M_X",1757,1920-11-18,6.1,0,1
"OBS_DEU_P1D_T2M_X",1757,1920-11-19,3.1,0,1
"OBS_DEU_P1D_T2M_X",1757,1920-11-20,1.9,0,1
"OBS_DEU_P1D_T2M_X",1757,1920-11-21,0.2,0,1
"OBS_DEU_P1D_T2M_X",1757,1920-11-22,3.9,0,1
"OBS_DEU_P1D_T2M_X",1757,1920-11-23,3.3,0,1
"OBS_DEU_P1D_T2M_X",1757,1920-11-24,3.9,0,1
"OBS_DEU_P1D_T2M_X",1757,1920-11-25,1.2,0,1
"OBS_DEU_P1D_T2M_X",1757,1920-11-26,-1,0,1
"OBS_DEU_P1D_T2M_X",1757,1920-11-27,-1.1,0,1
"OBS_DEU_P1D_T2M_X",1757,1920-11-28,-1.1,0,1
"OBS_DEU_P1D_T2M_X",1757,1920-11-29,-0.6,0,1
"OBS_DEU_P1D_T2M_X",1757,1920-11-30,0.6,0,1
"OBS_DEU_P1D_T2M_X",1757,1920-12-01,1.2,0,1
"OBS_DEU_P1D_T2M_X",1757,1920-12-02,1.3,0,1
"OBS_DEU_P1D_T2M_X",1757,1920-12-03,0.8,0,1
"OBS_DEU_P1D_T2M_X",1757,1920-12-04,1.2,0,1
"OBS_DEU_P1D_T2M_X",1757,1920-12-05,2.3,0,1
"OBS_DEU_P1D_T2M_X",1757,1920-12-06,3.5,0,1
"OBS_DEU_P1D_T2M_X",1757,1920-12-07,1.9,0,1
"OBS_DEU_P1D_T2M_X",1757,1920-12-08,1.7,0,1
"OBS_DEU_P1D_T2M_X",1757,1920-12-09,-1.9,0,1
"OBS_DEU_P1D_T2M_X",1757,1920-12-10,-2.2,0,1
"OBS_DEU_P1D_T2M_X",1757,1920-12-11,-1.4,0,1
"OBS_DEU_P1D_T2M_X",1757,1920-12-12,-1.5,0,1
"OBS_DEU_P1D_T2M_X",1757,1920-12-13,-3.1,0,1
"OBS_DEU_P1D_T2M_X",1757,1920-12-14,-1.5,0,1
"OBS_DEU_P1D_T2M_X",1757,1920-12-15,-2.4,0,1
"OBS_DEU_P1D_T2M_X",1757,1920-12-16,-1,0,1
"OBS_DEU_P1D_T2M_X",1757,1920-12-17,0.2,0,1
"OBS_DEU_P1D_T2M_X",1757,1920-12-18,1,0,1
"OBS_DEU_P1D_T2M_X",1757,1920-12-19,1.4,0,1
"OBS_DEU_P1D_T2M_X",1757,1920-12-20,0.9,0,1
"OBS_DEU_P1D_T2M_X",1757,1920-12-21,1.6,0,1
"OBS_DEU_P1D_T2M_X",1757,1920-12-22,1.7,0,1
"OBS_DEU_P1D_T2M_X",1757,1920-12-23,2.4,0,1
"OBS_DEU_P1D_T2M_X",1757,1920-12-24,0.4,0,1
"OBS_DEU_P1D_T2M_X",1757,1920-12-25,6.9,0,1
"OBS_DEU_P1D_T2M_X",1757,1920-12-26,7.3,0,1
"OBS_DEU_P1D_T2M_X",1757,1920-12-27,3.2,0,1
"OBS_DEU_P1D_T2M_X",1757,1920-12-28,3.1,0,1
"OBS_DEU_P1D_T2M_X",1757,1920-12-29,6.6,0,1
"OBS_DEU_P1D_T2M_X",1757,1920-12-30,10.7,0,1
"OBS_DEU_P1D_T2M_X",1757,1920-12-31,8.2,0,1
"OBS_DEU_P1D_T2M_X",1757,1921-01-01,8.1,0,1
"OBS_DEU_P1D_T2M_X",1757,1921-01-02,8.6,0,1
"OBS_DEU_P1D_T2M_X",1757,1921-01-03,9.2,0,1
"OBS_DEU_P1D_T2M_X",1757,1921-01-04,7.9,0,1
"OBS_DEU_P1D_T2M_X",1757,1921-01-05,8.1,0,1
"OBS_DEU_P1D_T2M_X",1757,1921-01-06,7.7,0,1
"OBS_DEU_P1D_T2M_X",1757,1921-01-07,6.3,0,1
"OBS_DEU_P1D_T2M_X",1757,1921-01-08,5.7,0,1
"OBS_DEU_P1D_T2M_X",1757,1921-01-09,8.5,0,1
"OBS_DEU_P1D_T2M_X",1757,1921-01-10,10.2,0,1
"OBS_DEU_P1D_T2M_X",1757,1921-01-11,10,0,1
"OBS_DEU_P1D_T2M_X",1757,1921-01-12,5.2,0,1
"OBS_DEU_P1D_T2M_X",1757,1921-01-13,6.9,0,1
"OBS_DEU_P1D_T2M_X",1757,1921-01-14,4.7,0,1
"OBS_DEU_P1D_T2M_X",1757,1921-01-15,2.6,0,1
"OBS_DEU_P1D_T2M_X",1757,1921-01-16,-0.6,0,1
"OBS_DEU_P1D_T2M_X",1757,1921-01-17,-0.6,0,1
"OBS_DEU_P1D_T2M_X",1757,1921-01-18,3,0,1
"OBS_DEU_P1D_T2M_X",1757,1921-01-19,5.1,0,1
"OBS_DEU_P1D_T2M_X",1757,1921-01-20,6.7,0,1
"OBS_DEU_P1D_T2M_X",1757,1921-01-21,8,0,1
"OBS_DEU_P1D_T2M_X",1757,1921-01-22,7.8,0,1
"OBS_DEU_P1D_T2M_X",1757,1921-01-23,4.3,0,1
"OBS_DEU_P1D_T2M_X",1757,1921-01-24,4.4,0,1
"OBS_DEU_P1D_T2M_X",1757,1921-01-25,0.9,0,1
"OBS_DEU_P1D_T2M_X",1757,1921-01-26,4.1,0,1
"OBS_DEU_P1D_T2M_X",1757,1921-01-27,4.6,0,1
"OBS_DEU_P1D_T2M_X",1757,1921-01-28,1.4,0,1
"OBS_DEU_P1D_T2M_X",1757,1921-01-29,8.1,0,1
"OBS_DEU_P1D_T2M_X",1757,1921-01-30,8.2,0,1
"OBS_DEU_P1D_T2M_X",1757,1921-01-31,6.6,0,1
"OBS_DEU_P1D_T2M_X",1757,1921-02-01,7.4,0,1
"OBS_DEU_P1D_T2M_X",1757,1921-02-02,3.5,0,1
"OBS_DEU_P1D_T2M_X",1757,1921-02-03,3.7,0,1
"OBS_DEU_P1D_T2M_X",1757,1921-02-04,3.2,0,1
"OBS_DEU_P1D_T2M_X",1757,1921-02-05,2,0,1
"OBS_DEU_P1D_T2M_X",1757,1921-02-06,-0.7,0,1
"OBS_DEU_P1D_T2M_X",1757,1921-02-07,0.5,0,1
"OBS_DEU_P1D_T2M_X",1757,1921-02-08,0.9,0,1
"OBS_DEU_P1D_T2M_X",1757,1921-02-09,0.5,0,1
"OBS_DEU_P1D_T2M_X",1757,1921-02-10,1,0,1
"OBS_DEU_P1D_T2M_X",1757,1921-02-11,0.1,0,1
"OBS_DEU_P1D_T2M_X",1757,1921-02-12,3.1,0,1
"OBS_DEU_P1D_T2M_X",1757,1921-02-13,4.9,0,1
"OBS_DEU_P1D_T2M_X",1757,1921-02-14,4.7,0,1
"OBS_DEU_P1D_T2M_X",1757,1921-02-15,2.9,0,1
"OBS_DEU_P1D_T2M_X",1757,1921-02-16,6.5,0,1
"OBS_DEU_P1D_T2M_X",1757,1921-02-17,4.6,0,1
"OBS_DEU_P1D_T2M_X",1757,1921-02-18,4.9,0,1
"OBS_DEU_P1D_T2M_X",1757,1921-02-19,4.3,0,1
"OBS_DEU_P1D_T2M_X",1757,1921-02-20,3.7,0,1
"OBS_DEU_P1D_T2M_X",1757,1921-02-21,2.9,0,1
"OBS_DEU_P1D_T2M_X",1757,1921-02-22,4.8,0,1
"OBS_DEU_P1D_T2M_X",1757,1921-02-23,8.3,0,1
"OBS_DEU_P1D_T2M_X",1757,1921-02-24,8,0,1
"OBS_DEU_P1D_T2M_X",1757,1921-02-25,7.9,0,1
"OBS_DEU_P1D_T2M_X",1757,1921-02-26,6.4,0,1
"OBS_DEU_P1D_T2M_X",1757,1921-02-27,5.1,0,1
"OBS_DEU_P1D_T2M_X",1757,1921-02-28,7.8,0,1
"OBS_DEU_P1D_T2M_X",1757,1921-03-01,8.4,0,1
"OBS_DEU_P1D_T2M_X",1757,1921-03-02,8.6,0,1
"OBS_DEU_P1D_T2M_X",1757,1921-03-03,5.8,0,1
"OBS_DEU_P1D_T2M_X",1757,1921-03-04,5.2,0,1
"OBS_DEU_P1D_T2M_X",1757,1921-03-05,7.1,0,1
"OBS_DEU_P1D_T2M_X",1757,1921-03-06,11.2,0,1
"OBS_DEU_P1D_T2M_X",1757,1921-03-07,8.6,0,1
"OBS_DEU_P1D_T2M_X",1757,1921-03-08,3.7,0,1
"OBS_DEU_P1D_T2M_X",1757,1921-03-09,4.1,0,1
"OBS_DEU_P1D_T2M_X",1757,1921-03-10,11.6,0,1
"OBS_DEU_P1D_T2M_X",1757,1921-03-11,10.4,0,1
"OBS_DEU_P1D_T2M_X",1757,1921-03-12,12.2,0,1
"OBS_DEU_P1D_T2M_X",1757,1921-03-13,12.6,0,1
"OBS_DEU_P1D_T2M_X",1757,1921-03-14,15.4,0,1
"OBS_DEU_P1D_T2M_X",1757,1921-03-15,15.4,0,1
"OBS_DEU_P1D_T2M_X",1757,1921-03-16,12.4,0,1
"OBS_DEU_P1D_T2M_X",1757,1921-03-17,17.1,0,1
"OBS_DEU_P1D_T2M_X",1757,1921-03-18,17,0,1
"OBS_DEU_P1D_T2M_X",1757,1921-03-19,12.2,0,1
"OBS_DEU_P1D_T2M_X",1757,1921-03-20,11,0,1
"OBS_DEU_P1D_T2M_X",1757,1921-03-21,9.5,0,1
"OBS_DEU_P1D_T2M_X",1757,1921-03-22,12.1,0,1
"OBS_DEU_P1D_T2M_X",1757,1921-03-23,14.6,0,1
"OBS_DEU_P1D_T2M_X",1757,1921-03-24,16,0,1
"OBS_DEU_P1D_T2M_X",1757,1921-03-25,17.6,0,1
"OBS_DEU_P1D_T2M_X",1757,1921-03-26,13.1,0,1
"OBS_DEU_P1D_T2M_X",1757,1921-03-27,12.3,0,1
"OBS_DEU_P1D_T2M_X",1757,1921-03-28,7.6,0,1
"OBS_DEU_P1D_T2M_X",1757,1921-03-29,12.5,0,1
"OBS_DEU_P1D_T2M_X",1757,1921-03-30,13.7,0,1
"OBS_DEU_P1D_T2M_X",1757,1921-03-31,10.4,0,1
"OBS_DEU_P1D_T2M_X",1757,1921-04-01,12.4,0,1
"OBS_DEU_P1D_T2M_X",1757,1921-04-02,10.9,0,1
"OBS_DEU_P1D_T2M_X",1757,1921-04-03,11.8,0,1
"OBS_DEU_P1D_T2M_X",1757,1921-04-04,18.1,0,1
"OBS_DEU_P1D_T2M_X",1757,1921-04-05,9.6,0,1
"OBS_DEU_P1D_T2M_X",1757,1921-04-06,10.4,0,1
"OBS_DEU_P1D_T2M_X",1757,1921-04-07,9.9,0,1
"OBS_DEU_P1D_T2M_X",1757,1921-04-08,6.4,0,1
"OBS_DEU_P1D_T2M_X",1757,1921-04-09,12.1,0,1
"OBS_DEU_P1D_T2M_X",1757,1921-04-10,17.1,0,1
"OBS_DEU_P1D_T2M_X",1757,1921-04-11,17.7,0,1
"OBS_DEU_P1D_T2M_X",1757,1921-04-12,16.6,0,1
"OBS_DEU_P1D_T2M_X",1757,1921-04-13,18.1,0,1
"OBS_DEU_P1D_T2M_X",1757,1921-04-14,10.3,0,1
"OBS_DEU_P1D_T2M_X",1757,1921-04-15,10.7,0,1
"OBS_DEU_P1D_T2M_X",1757,1921-04-16,10.1,0,1
"OBS_DEU_P1D_T2M_X",1757,1921-04-17,8.4,0,1
"OBS_DEU_P1D_T2M_X",1757,1921-04-18,8.3,0,1
"OBS_DEU_P1D_T2M_X",1757,1921-04-19,11.7,0,1
"OBS_DEU_P1D_T2M_X",1757,1921-04-20,11.5,0,1
"OBS_DEU_P1D_T2M_X",1757,1921-04-21,10.8,0,1
"OBS_DEU_P1D_T2M_X",1757,1921-04-22,12.6,0,1
"OBS_DEU_P1D_T2M_X",1757,1921-04-23,7.6,0,1
"OBS_DEU_P1D_T2M_X",1757,1921-04-24,9.2,0,1
"OBS_DEU_P1D_T2M_X",1757,1921-04-25,15.2,0,1
"OBS_DEU_P1D_T2M_X",1757,1921-04-26,14.9,0,1
"OBS_DEU_P1D_T2M_X",1757,1921-04-27,12.4,0,1
"OBS_DEU_P1D_T2M_X",1757,1921-04-28,12.4,0,1
"OBS_DEU_P1D_T2M_X",1757,1921-04-29,15.7,0,1
"OBS_DEU_P1D_T2M_X",1757,1921-04-30,8.8,0,1
"OBS_DEU_P1D_T2M_X",1757,1921-05-01,10.2,0,1
"OBS_DEU_P1D_T2M_X",1757,1921-05-02,15.7,0,1
"OBS_DEU_P1D_T2M_X",1757,1921-05-03,11.7,0,1
"OBS_DEU_P1D_T2M_X",1757,1921-05-04,10.3,0,1
"OBS_DEU_P1D_T2M_X",1757,1921-05-05,9.5,0,1
"OBS_DEU_P1D_T2M_X",1757,1921-05-06,11.2,0,1
"OBS_DEU_P1D_T2M_X",1757,1921-05-07,18.2,0,1
"OBS_DEU_P1D_T2M_X",1757,1921-05-08,22.2,0,1
"OBS_DEU_P1D_T2M_X",1757,1921-05-09,24.8,0,1
"OBS_DEU_P1D_T2M_X",1757,1921-05-10,16.7,0,1
"OBS_DEU_P1D_T2M_X",1757,1921-05-11,18.1,0,1
"OBS_DEU_P1D_T2M_X",1757,1921-05-12,17.4,0,1
"OBS_DEU_P1D_T2M_X",1757,1921-05-13,19.3,0,1
"OBS_DEU_P1D_T2M_X",1757,1921-05-14,18.3,0,1
"OBS_DEU_P1D_T2M_X",1757,1921-05-15,25,0,1
"OBS_DEU_P1D_T2M_X",1757,1921-05-16,21.9,0,1
"OBS_DEU_P1D_T2M_X",1757,1921-05-17,21.2,0,1
"OBS_DEU_P1D_T2M_X",1757,1921-05-18,20.9,0,1
"OBS_DEU_P1D_T2M_X",1757,1921-05-19,24,0,1
"OBS_DEU_P1D_T2M_X",1757,1921-05-20,18.3,0,1
"OBS_DEU_P1D_T2M_X",1757,1921-05-21,15.6,0,1
"OBS_DEU_P1D_T2M_X",1757,1921-05-22,17.9,0,1
"OBS_DEU_P1D_T2M_X",1757,1921-05-23,20.1,0,1
"OBS_DEU_P1D_T2M_X",1757,1921-05-24,19.9,0,1
"OBS_DEU_P1D_T2M_X",1757,1921-05-25,26.7,0,1
"OBS_DEU_P1D_T2M_X",1757,1921-05-26,27.4,0,1
"OBS_DEU_P1D_T2M_X",1757,1921-05-27,27.9,0,1
"OBS_DEU_P1D_T2M_X",1757,1921-05-28,21.4,0,1
"OBS_DEU_P1D_T2M_X",1757,1921-05-29,18.2,0,1
"OBS_DEU_P1D_T2M_X",1757,1921-05-30,20.4,0,1
"OBS_DEU_P1D_T2M_X",1757,1921-05-31,26.1,0,1
"OBS_DEU_P1D_T2M_X",1757,1921-07-01,15.7,0,1
"OBS_DEU_P1D_T2M_X",1757,1921-07-02,18.1,0,1
"OBS_DEU_P1D_T2M_X",1757,1921-07-03,19.1,0,1
"OBS_DEU_P1D_T2M_X",1757,1921-07-04,19.4,0,1
"OBS_DEU_P1D_T2M_X",1757,1921-07-05,19.8,0,1
"OBS_DEU_P1D_T2M_X",1757,1921-07-06,19.1,0,1
"OBS_DEU_P1D_T2M_X",1757,1921-07-07,19.1,0,1
"OBS_DEU_P1D_T2M_X",1757,1921-07-08,22.2,0,1
"OBS_DEU_P1D_T2M_X",1757,1921-07-09,23.1,0,1
"OBS_DEU_P1D_T2M_X",1757,1921-07-10,25.1,0,1
"OBS_DEU_P1D_T2M_X",1757,1921-07-11,30.8,0,1
"OBS_DEU_P1D_T2M_X",1757,1921-07-12,22.7,0,1
"OBS_DEU_P1D_T2M_X",1757,1921-07-13,17.1,0,1
"OBS_DEU_P1D_T2M_X",1757,1921-07-14,20.2,0,1
"OBS_DEU_P1D_T2M_X",1757,1921-07-15,21.6,0,1
"OBS_DEU_P1D_T2M_X",1757,1921-07-16,23.8,0,1
"OBS_DEU_P1D_T2M_X",1757,1921-07-17,27.1,0,1
"OBS_DEU_P1D_T2M_X",1757,1921-07-18,22.4,0,1
"OBS_DEU_P1D_T2M_X",1757,1921-07-19,24.6,0,1
"OBS_DEU_P1D_T2M_X",1757,1921-07-20,28.2,0,1
"OBS_DEU_P1D_T2M_X",1757,1921-07-21,20.8,0,1
"OBS_DEU_P1D_T2M_X",1757,1921-07-22,19.9,0,1
"OBS_DEU_P1D_T2M_X",1757,1921-07-23,19.3,0,1
"OBS_DEU_P1D_T2M_X",1757,1921-07-24,22.6,0,1
"OBS_DEU_P1D_T2M_X",1757,1921-07-25,22.8,0,1
"OBS_DEU_P1D_T2M_X",1757,1921-07-26,30,0,1
"OBS_DEU_P1D_T2M_X",1757,1921-07-27,23.2,0,1
"OBS_DEU_P1D_T2M_X",1757,1921-07-28,27.6,0,1
"OBS_DEU_P1D_T2M_X",1757,1921-07-29,30.6,0,1
"OBS_DEU_P1D_T2M_X",1757,1921-07-30,22.9,0,1
"OBS_DEU_P1D_T2M_X",1757,1921-07-31,22.6,0,1
"OBS_DEU_P1D_T2M_X",1757,1921-08-01,28.3,0,1
"OBS_DEU_P1D_T2M_X",1757,1921-08-02,32.9,0,1
"OBS_DEU_P1D_T2M_X",1757,1921-08-03,28.6,0,1
"OBS_DEU_P1D_T2M_X",1757,1921-08-04,20.8,0,1
"OBS_DEU_P1D_T2M_X",1757,1921-08-05,22.1,0,1
"OBS_DEU_P1D_T2M_X",1757,1921-08-06,20.6,0,1
"OBS_DEU_P1D_T2M_X",1757,1921-08-07,20.5,0,1
"OBS_DEU_P1D_T2M_X",1757,1921-08-08,18.6,0,1
"OBS_DEU_P1D_T2M_X",1757,1921-08-09,17.7,0,1
"OBS_DEU_P1D_T2M_X",1757,1921-08-10,20,0,1
"OBS_DEU_P1D_T2M_X",1757,1921-08-11,22.7,0,1
"OBS_DEU_P1D_T2M_X",1757,1921-08-12,18.9,0,1
"OBS_DEU_P1D_T2M_X",1757,1921-08-13,15.3,0,1
"OBS_DEU_P1D_T2M_X",1757,1921-08-14,16.1,0,1
"OBS_DEU_P1D_T2M_X",1757,1921-08-15,16.2,0,1
"OBS_DEU_P1D_T2M_X",1757,1921-08-16,16.3,0,1
"OBS_DEU_P1D_T2M_X",1757,1921-08-17,20.5,0,1
"OBS_DEU_P1D_T2M_X",1757,1921-08-18,20.4,0,1
"OBS_DEU_P1D_T2M_X",1757,1921-08-19,21.6,0,1
"OBS_DEU_P1D_T2M_X",1757,1921-08-20,20.9,0,1
"OBS_DEU_P1D_T2M_X",1757,1921-08-21,21.9,0,1
"OBS_DEU_P1D_T2M_X",1757,1921-08-22,23.4,0,1
"OBS_DEU_P1D_T2M_X",1757,1921-08-23,23.1,0,1
"OBS_DEU_P1D_T2M_X",1757,1921-08-24,21.8,0,1
"OBS_DEU_P1D_T2M_X",1757,1921-08-25,25.4,0,1
"OBS_DEU_P1D_T2M_X",1757,1921-08-26,20.2,0,1
"OBS_DEU_P1D_T2M_X",1757,1921-08-27,20.6,0,1
"OBS_DEU_P1D_T2M_X",1757,1921-08-28,23.1,0,1
"OBS_DEU_P1D_T2M_X",1757,1921-08-29,27.2,0,1
"OBS_DEU_P1D_T2M_X",1757,1921-08-30,20.9,0,1
"OBS_DEU_P1D_T2M_X",1757,1921-08-31,16.2,0,1
"OBS_DEU_P1D_T2M_X",1757,1921-09-01,16.3,0,1
"OBS_DEU_P1D_T2M_X",1757,1921-09-02,23.4,0,1
"OBS_DEU_P1D_T2M_X",1757,1921-09-03,16.3,0,1
"OBS_DEU_P1D_T2M_X",1757,1921-09-04,18,0,1
"OBS_DEU_P1D_T2M_X",1757,1921-09-05,16.6,0,1
"OBS_DEU_P1D_T2M_X",1757,1921-09-06,18.2,0,1
"OBS_DEU_P1D_T2M_X",1757,1921-09-07,20.2,0,1
"OBS_DEU_P1D_T2M_X",1757,1921-09-08,23.1,0,1
"OBS_DEU_P1D_T2M_X",1757,1921-09-09,25.4,0,1
"OBS_DEU_P1D_T2M_X",1757,1921-09-10,26,0,1
"OBS_DEU_P1D_T2M_X",1757,1921-09-11,18.4,0,1
"OBS_DEU_P1D_T2M_X",1757,1921-09-12,15.7,0,1
"OBS_DEU_P1D_T2M_X",1757,1921-09-13,14.7,0,1
"OBS_DEU_P1D_T2M_X",1757,1921-09-14,15.6,0,1
"OBS_DEU_P1D_T2M_X",1757,1921-09-15,19.8,0,1
"OBS_DEU_P1D_T2M_X",1757,1921-09-16,15.7,0,1
"OBS_DEU_P1D_T2M_X",1757,1921-09-17,16.1,0,1
"OBS_DEU_P1D_T2M_X",1757,1921-09-18,14.9,0,1
"OBS_DEU_P1D_T2M_X",1757,1921-09-19,13.5,0,1
"OBS_DEU_P1D_T2M_X",1757,1921-09-20,15.2,0,1
"OBS_DEU_P1D_T2M_X",1757,1921-09-21,18.3,0,1
"OBS_DEU_P1D_T2M_X",1757,1921-09-22,18.4,0,1
"OBS_DEU_P1D_T2M_X",1757,1921-09-23,22.1,0,1
"OBS_DEU_P1D_T2M_X",1757,1921-09-24,21.4,0,1
"OBS_DEU_P1D_T2M_X",1757,1921-09-25,15.6,0,1
"OBS_DEU_P1D_T2M_X",1757,1921-09-26,13.5,0,1
"OBS_DEU_P1D_T2M_X",1757,1921-09-27,14.3,0,1
"OBS_DEU_P1D_T2M_X",1757,1921-09-28,15,0,1
"OBS_DEU_P1D_T2M_X",1757,1921-09-29,13.3,0,1
"OBS_DEU_P1D_T2M_X",1757,1921-09-30,12.7,0,1
"OBS_DEU_P1D_T2M_X",1757,1921-10-01,14.4,0,1
"OBS_DEU_P1D_T2M_X",1757,1921-10-02,18.2,0,1
"OBS_DEU_P1D_T2M_X",1757,1921-10-03,19.6,0,1
"OBS_DEU_P1D_T2M_X",1757,1921-10-04,16,0,1
"OBS_DEU_P1D_T2M_X",1757,1921-10-05,12.8,0,1
"OBS_DEU_P1D_T2M_X",1757,1921-10-06,15.4,0,1
"OBS_DEU_P1D_T2M_X",1757,1921-10-07,19.4,0,1
"OBS_DEU_P1D_T2M_X",1757,1921-10-08,16.6,0,1
"OBS_DEU_P1D_T2M_X",1757,1921-10-09,16.1,0,1
"OBS_DEU_P1D_T2M_X",1757,1921-10-10,17.4,0,1
"OBS_DEU_P1D_T2M_X",1757,1921-10-11,21.2,0,1
"OBS_DEU_P1D_T2M_X",1757,1921-10-12,16.6,0,1
"OBS_DEU_P1D_T2M_X",1757,1921-10-13,17,0,1
"OBS_DEU_P1D_T2M_X",1757,1921-10-14,17.3,0,1
"OBS_DEU_P1D_T2M_X",1757,1921-10-15,14.1,0,1
"OBS_DEU_P1D_T2M_X",1757,1921-10-16,16.2,0,1
"OBS_DEU_P1D_T2M_X",1757,1921-10-17,17.5,0,1
"OBS_DEU_P1D_T2M_X",1757,1921-10-18,17.9,0,1
"OBS_DEU_P1D_T2M_X",1757,1921-10-19,20.2,0,1
"OBS_DEU_P1D_T2M_X",1757,1921-10-20,16.9,0,1
"OBS_DEU_P1D_T2M_X",1757,1921-10-21,12.8,0,1
"OBS_DEU_P1D_T2M_X",1757,1921-10-22,10.1,0,1
"OBS_DEU_P1D_T2M_X",1757,1921-10-23,12.1,0,1
"OBS_DEU_P1D_T2M_X",1757,1921-10-24,5.5,0,1
"OBS_DEU_P1D_T2M_X",1757,1921-10-25,8.2,0,1
"OBS_DEU_P1D_T2M_X",1757,1921-10-26,11.1,0,1
"OBS_DEU_P1D_T2M_X",1757,1921-10-27,12,0,1
"OBS_DEU_P1D_T2M_X",1757,1921-10-28,10.9,0,1
"OBS_DEU_P1D_T2M_X",1757,1921-10-29,11.7,0,1
"OBS_DEU_P1D_T2M_X",1757,1921-10-30,8,5,1
"OBS_DEU_P1D_T2M_X",1757,1921-10-31,12.1,0,1
"OBS_DEU_P1D_T2M_X",1757,1921-11-01,11.1,0,1
"OBS_DEU_P1D_T2M_X",1757,1921-11-02,7.3,0,1
"OBS_DEU_P1D_T2M_X",1757,1921-11-03,5.8,0,1
"OBS_DEU_P1D_T2M_X",1757,1921-11-04,6.1,0,1
"OBS_DEU_P1D_T2M_X",1757,1921-11-05,8.3,0,1
"OBS_DEU_P1D_T2M_X",1757,1921-11-06,6.1,0,1
"OBS_DEU_P1D_T2M_X",1757,1921-11-07,6.3,0,1
"OBS_DEU_P1D_T2M_X",1757,1921-11-08,2.3,0,1
"OBS_DEU_P1D_T2M_X",1757,1921-11-09,2.1,0,1
"OBS_DEU_P1D_T2M_X",1757,1921-11-10,3,0,1
"OBS_DEU_P1D_T2M_X",1757,1921-11-11,4.2,0,1
"OBS_DEU_P1D_T2M_X",1757,1921-11-12,-1.3,0,1
"OBS_DEU_P1D_T2M_X",1757,1921-11-13,-1,0,1
"OBS_DEU_P1D_T2M_X",1757,1921-11-14,0.9,0,1
"OBS_DEU_P1D_T2M_X",1757,1921-11-15,1.2,0,1
"OBS_DEU_P1D_T2M_X",1757,1921-11-16,2.9,0,1
"OBS_DEU_P1D_T2M_X",1757,1921-11-17,3.2,0,1
"OBS_DEU_P1D_T2M_X",1757,1921-11-18,3.3,0,1
"OBS_DEU_P1D_T2M_X",1757,1921-11-19,3.2,0,1
"OBS_DEU_P1D_T2M_X",1757,1921-11-20,2,0,1
"OBS_DEU_P1D_T2M_X",1757,1921-11-21,3.6,0,1
"OBS_DEU_P1D_T2M_X",1757,1921-11-22,4,0,1
"OBS_DEU_P1D_T2M_X",1757,1921-11-23,4.3,0,1
"OBS_DEU_P1D_T2M_X",1757,1921-11-24,2.5,0,1
"OBS_DEU_P1D_T2M_X",1757,1921-11-25,3,0,1
"OBS_DEU_P1D_T2M_X",1757,1921-11-26,2.8,0,1
"OBS_DEU_P1D_T2M_X",1757,1921-11-27,0.9,0,1
"OBS_DEU_P1D_T2M_X",1757,1921-11-28,-0.2,0,1
"OBS_DEU_P1D_T2M_X",1757,1921-11-29,-0.4,0,1
"OBS_DEU_P1D_T2M_X",1757,1921-11-30,1.6,0,1
"OBS_DEU_P1D_T2M_X",1757,1921-12-01,1,0,1
"OBS_DEU_P1D_T2M_X",1757,1921-12-02,0.6,0,1
"OBS_DEU_P1D_T2M_X",1757,1921-12-03,-2.5,0,1
"OBS_DEU_P1D_T2M_X",1757,1921-12-04,-0.3,0,1
"OBS_DEU_P1D_T2M_X",1757,1921-12-05,-3.1,0,1
"OBS_DEU_P1D_T2M_X",1757,1921-12-06,2.4,0,1
"OBS_DEU_P1D_T2M_X",1757,1921-12-07,6.4,0,1
"OBS_DEU_P1D_T2M_X",1757,1921-12-08,6.6,0,1
"OBS_DEU_P1D_T2M_X",1757,1921-12-09,7.6,0,1
"OBS_DEU_P1D_T2M_X",1757,1921-12-10,3.6,0,1
"OBS_DEU_P1D_T2M_X",1757,1921-12-11,0.1,0,1
"OBS_DEU_P1D_T2M_X",1757,1921-12-12,-3.6,0,1
"OBS_DEU_P1D_T2M_X",1757,1921-12-13,-2.1,0,1
"OBS_DEU_P1D_T2M_X",1757,1921-12-14,-4.3,0,1
"OBS_DEU_P1D_T2M_X",1757,1921-12-15,-1,0,1
"OBS_DEU_P1D_T2M_X",1757,1921-12-16,1.3,0,1
"OBS_DEU_P1D_T2M_X",1757,1921-12-17,7.9,0,1
"OBS_DEU_P1D_T2M_X",1757,1921-12-18,5.9,0,1
"OBS_DEU_P1D_T2M_X",1757,1921-12-19,6,0,1
"OBS_DEU_P1D_T2M_X",1757,1921-12-20,8.3,0,1
"OBS_DEU_P1D_T2M_X",1757,1921-12-21,9.2,0,1
"OBS_DEU_P1D_T2M_X",1757,1921-12-22,9.4,0,1
"OBS_DEU_P1D_T2M_X",1757,1921-12-23,7.4,0,1
"OBS_DEU_P1D_T2M_X",1757,1921-12-24,3.9,0,1
"OBS_DEU_P1D_T2M_X",1757,1921-12-25,1.7,0,1
"OBS_DEU_P1D_T2M_X",1757,1921-12-26,2.5,0,1
"OBS_DEU_P1D_T2M_X",1757,1921-12-27,3.5,0,1
"OBS_DEU_P1D_T2M_X",1757,1921-12-28,11.5,0,1
"OBS_DEU_P1D_T2M_X",1757,1921-12-29,9.9,0,1
"OBS_DEU_P1D_T2M_X",1757,1921-12-30,4.4,0,1
"OBS_DEU_P1D_T2M_X",1757,1921-12-31,7.7,0,1
"OBS_DEU_P1D_T2M_X",1757,1928-01-01,-0.4,0,1
"OBS_DEU_P1D_T2M_X",1757,1928-01-02,-2.4,0,1
"OBS_DEU_P1D_T2M_X",1757,1928-01-03,-3.8,0,1
"OBS_DEU_P1D_T2M_X",1757,1928-01-04,0,0,1
"OBS_DEU_P1D_T2M_X",1757,1928-01-05,3.1,0,1
"OBS_DEU_P1D_T2M_X",1757,1928-01-06,3.1,0,1
"OBS_DEU_P1D_T2M_X",1757,1928-01-07,3.1,0,1
"OBS_DEU_P1D_T2M_X",1757,1928-01-08,5.1,0,1
"OBS_DEU_P1D_T2M_X",1757,1928-01-09,3.2,0,1
"OBS_DEU_P1D_T2M_X",1757,1928-01-10,4.1,0,1
"OBS_DEU_P1D_T2M_X",1757,1928-01-11,4.6,0,1
"OBS_DEU_P1D_T2M_X",1757,1928-01-12,3,0,1
"OBS_DEU_P1D_T2M_X",1757,1928-01-13,4.9,0,1
"OBS_DEU_P1D_T2M_X",1757,1928-01-14,6,0,1
"OBS_DEU_P1D_T2M_X",1757,1928-01-15,5.1,0,1
"OBS_DEU_P1D_T2M_X",1757,1928-01-16,5.2,0,1
"OBS_DEU_P1D_T2M_X",1757,1928-01-17,4.4,0,1
"OBS_DEU_P1D_T2M_X",1757,1928-01-18,1.8,0,1
"OBS_DEU_P1D_T2M_X",1757,1928-01-19,0.1,0,1
"OBS_DEU_P1D_T2M_X",1757,1928-01-20,0.1,0,1
"OBS_DEU_P1D_T2M_X",1757,1928-01-21,0.2,0,1
"OBS_DEU_P1D_T2M_X",1757,1928-01-22,-1,0,1
"OBS_DEU_P1D_T2M_X",1757,1928-01-23,-1.4,0,1
"OBS_DEU_P1D_T2M_X",1757,1928-01-24,2.8,0,1
"OBS_DEU_P1D_T2M_X",1757,1928-01-25,4.4,0,1
"OBS_DEU_P1D_T2M_X",1757,1928-01-26,4.6,0,1
"OBS_DEU_P1D_T2M_X",1757,1928-01-27,4.4,0,1
"OBS_DEU_P1D_T2M_X",1757,1928-01-28,3.9,0,1
"OBS_DEU_P1D_T2M_X",1757,1928-01-29,2.8,0,1
"OBS_DEU_P1D_T2M_X",1757,1928-01-30,2.9,0,1
"OBS_DEU_P1D_T2M_X",1757,1928-01-31,1.9,0,1
"OBS_DEU_P1D_T2M_X",1757,1928-02-01,3.7,0,1
"OBS_DEU_P1D_T2M_X",1757,1928-02-02,5.1,0,1
"OBS_DEU_P1D_T2M_X",1757,1928-02-03,3.9,0,1
"OBS_DEU_P1D_T2M_X",1757,1928-02-04,0.4,0,1
"OBS_DEU_P1D_T2M_X",1757,1928-02-05,2.4,0,1
"OBS_DEU_P1D_T2M_X",1757,1928-02-06,5.1,0,1
"OBS_DEU_P1D_T2M_X",1757,1928-02-07,5,0,1
"OBS_DEU_P1D_T2M_X",1757,1928-02-08,9.1,0,1
"OBS_DEU_P1D_T2M_X",1757,1928-02-09,9.1,0,1
"OBS_DEU_P1D_T2M_X",1757,1928-02-10,5.8,0,1
"OBS_DEU_P1D_T2M_X",1757,1928-02-11,5.4,0,1
"OBS_DEU_P1D_T2M_X",1757,1928-02-12,3.8,0,1
"OBS_DEU_P1D_T2M_X",1757,1928-02-13,3.1,0,1
"OBS_DEU_P1D_T2M_X",1757,1928-02-14,2.1,0,1
"OBS_DEU_P1D_T2M_X",1757,1928-02-15,5.2,0,1
"OBS_DEU_P1D_T2M_X",1757,1928-02-16,9.9,0,1
"OBS_DEU_P1D_T2M_X",1757,1928-02-17,9.3,0,1
"OBS_DEU_P1D_T2M_X",1757,1928-02-18,4.1,0,1
"OBS_DEU_P1D_T2M_X",1757,1928-02-19,6.3,0,1
"OBS_DEU_P1D_T2M_X",1757,1928-02-20,3.8,0,1
"OBS_DEU_P1D_T2M_X",1757,1928-02-21,1,0,1
"OBS_DEU_P1D_T2M_X",1757,1928-02-22,1.1,0,1
"OBS_DEU_P1D_T2M_X",1757,1928-02-23,2,0,1
"OBS_DEU_P1D_T2M_X",1757,1928-02-24,3.1,0,1
"OBS_DEU_P1D_T2M_X",1757,1928-02-25,4.1,0,1
"OBS_DEU_P1D_T2M_X",1757,1928-02-26,7.9,0,1
"OBS_DEU_P1D_T2M_X",1757,1928-02-27,2.7,0,1
"OBS_DEU_P1D_T2M_X",1757,1928-02-28,2,0,1
"OBS_DEU_P1D_T2M_X",1757,1928-02-29,2.6,0,1
"OBS_DEU_P1D_T2M_X",1757,1928-03-01,4,0,1
"OBS_DEU_P1D_T2M_X",1757,1928-03-02,7.4,0,1
"OBS_DEU_P1D_T2M_X",1757,1928-03-03,7.2,0,1
"OBS_DEU_P1D_T2M_X",1757,1928-03-04,8.2,0,1
"OBS_DEU_P1D_T2M_X",1757,1928-03-05,10.7,0,1
"OBS_DEU_P1D_T2M_X",1757,1928-03-06,9.7,0,1
"OBS_DEU_P1D_T2M_X",1757,1928-03-07,4.4,0,1
"OBS_DEU_P1D_T2M_X",1757,1928-03-08,1.5,0,1
"OBS_DEU_P1D_T2M_X",1757,1928-03-09,0.1,0,1
"OBS_DEU_P1D_T2M_X",1757,1928-03-10,-0.3,0,1
"OBS_DEU_P1D_T2M_X",1757,1928-03-11,-1.7,0,1
"OBS_DEU_P1D_T2M_X",1757,1928-03-12,0.3,0,1
"OBS_DEU_P1D_T2M_X",1757,1928-03-13,1.4,0,1
"OBS_DEU_P1D_T2M_X",1757,1928-03-14,0.6,0,1
"OBS_DEU_P1D_T2M_X",1757,1928-03-15,1.9,0,1
"OBS_DEU_P1D_T2M_X",1757,1928-03-16,4.4,0,1
"OBS_DEU_P1D_T2M_X",1757,1928-03-17,4.9,0,1
"OBS_DEU_P1D_T2M_X",1757,1928-03-18,7.1,0,1
"OBS_DEU_P1D_T2M_X",1757,1928-03-19,7.2,0,1
"OBS_DEU_P1D_T2M_X",1757,1928-03-20,7.1,0,1
"OBS_DEU_P1D_T2M_X",1757,1928-03-21,4.6,0,1
"OBS_DEU_P1D_T2M_X",1757,1928-03-22,12.7,0,1
"OBS_DEU_P1D_T2M_X",1757,1928-03-23,14.6,0,1
"OBS_DEU_P1D_T2M_X",1757,1928-03-24,13.5,0,1
"OBS_DEU_P1D_T2M_X",1757,1928-03-25,9.5,0,1
"OBS_DEU_P1D_T2M_X",1757,1928-03-26,5.4,0,1
"OBS_DEU_P1D_T2M_X",1757,1928-03-27,5.4,0,1
"OBS_DEU_P1D_T2M_X",1757,1928-03-28,3.9,0,1
"OBS_DEU_P1D_T2M_X",1757,1928-03-29,4.6,0,1
"OBS_DEU_P1D_T2M_X",1757,1928-03-30,8.6,0,1
"OBS_DEU_P1D_T2M_X",1757,1928-03-31,13.9,0,1
"OBS_DEU_P1D_T2M_X",1757,1928-04-01,8.9,0,1
"OBS_DEU_P1D_T2M_X",1757,1928-04-02,5.3,0,1
"OBS_DEU_P1D_T2M_X",1757,1928-04-03,7.7,0,1
"OBS_DEU_P1D_T2M_X",1757,1928-04-04,8.6,0,1
"OBS_DEU_P1D_T2M_X",1757,1928-04-05,9.6,0,1
"OBS_DEU_P1D_T2M_X",1757,1928-04-06,6.1,0,1
"OBS_DEU_P1D_T2M_X",1757,1928-04-07,10.9,0,1
"OBS_DEU_P1D_T2M_X",1757,1928-04-08,11.5,0,1
"OBS_DEU_P1D_T2M_X",1757,1928-04-09,17.4,0,1
"OBS_DEU_P1D_T2M_X",1757,1928-04-10,19.1,0,1
"OBS_DEU_P1D_T2M_X",1757,1928-04-11,10.3,0,1
"OBS_DEU_P1D_T2M_X",1757,1928-04-12,7.2,0,1
"OBS_DEU_P1D_T2M_X",1757,1928-04-13,5.1,0,1
"OBS_DEU_P1D_T2M_X",1757,1928-04-14,2.7,0,1
"OBS_DEU_P1D_T2M_X",1757,1928-04-15,3.8,0,1
"OBS_DEU_P1D_T2M_X",1757,1928-04-16,4.4,0,1
"OBS_DEU_P1D_T2M_X",1757,1928-04-17,7.1,0,1
"OBS_DEU_P1D_T2M_X",1757,1928-04-18,4.5,0,1
"OBS_DEU_P1D_T2M_X",1757,1928-04-19,8.1,0,1
"OBS_DEU_P1D_T2M_X",1757,1928-04-20,5.4,0,1
"OBS_DEU_P1D_T2M_X",1757,1928-04-21,7.6,0,1
"OBS_DEU_P1D_T2M_X",1757,1928-04-22,7.2,0,1
"OBS_DEU_P1D_T2M_X",1757,1928-04-23,9.9,0,1
"OBS_DEU_P1D_T2M_X",1757,1928-04-24,15,0,1
"OBS_DEU_P1D_T2M_X",1757,1928-04-25,16.1,0,1
"OBS_DEU_P1D_T2M_X",1757,1928-04-26,16.9,0,1
"OBS_DEU_P1D_T2M_X",1757,1928-04-27,14.3,0,1
"OBS_DEU_P1D_T2M_X",1757,1928-04-28,15.2,0,1
"OBS_DEU_P1D_T2M_X",1757,1928-04-29,19,0,1
"OBS_DEU_P1D_T2M_X",1757,1928-04-30,16.7,0,1
"OBS_DEU_P1D_T2M_X",1757,1928-05-01,14.5,0,1
"OBS_DEU_P1D_T2M_X",1757,1928-05-02,12.7,0,1
"OBS_DEU_P1D_T2M_X",1757,1928-05-03,11.4,0,1
"OBS_DEU_P1D_T2M_X",1757,1928-05-04,12.6,0,1
"OBS_DEU_P1D_T2M_X",1757,1928-05-05,15.1,0,1
"OBS_DEU_P1D_T2M_X",1757,1928-05-06,18.5,0,1
"OBS_DEU_P1D_T2M_X",1757,1928-05-07,18.7,0,1
"OBS_DEU_P1D_T2M_X",1757,1928-05-08,12.5,0,1
"OBS_DEU_P1D_T2M_X",1757,1928-05-09,8.4,0,1
"OBS_DEU_P1D_T2M_X",1757,1928-05-10,10.1,0,1
"OBS_DEU_P1D_T2M_X",1757,1928-05-11,11,0,1
"OBS_DEU_P1D_T2M_X",1757,1928-05-12,8.9,0,1
"OBS_DEU_P1D_T2M_X",1757,1928-05-13,9.3,0,1
"OBS_DEU_P1D_T2M_X",1757,1928-05-14,13.4,0,1
"OBS_DEU_P1D_T2M_X",1757,1928-05-15,13.6,0,1
"OBS_DEU_P1D_T2M_X",1757,1928-05-16,12.4,0,1
"OBS_DEU_P1D_T2M_X",1757,1928-05-17,14.6,0,1
"OBS_DEU_P1D_T2M_X",1757,1928-05-18,15.3,0,1
"OBS_DEU_P1D_T2M_X",1757,1928-05-19,14.1,0,1
"OBS_DEU_P1D_T2M_X",1757,1928-05-20,15.3,0,1
"OBS_DEU_P1D_T2M_X",1757,1928-05-21,11.7,0,1
"OBS_DEU_P1D_T2M_X",1757,1928-05-22,13.1,0,1
"OBS_DEU_P1D_T2M_X",1757,1928-05-23,15.9,0,1
"OBS_DEU_P1D_T2M_X",1757,1928-05-24,12.2,0,1
"OBS_DEU_P1D_T2M_X",1757,1928-05-25,12.4,0,1
"OBS_DEU_P1D_T2M_X",1757,1928-05-26,17.2,0,1
"OBS_DEU_P1D_T2M_X",1757,1928-05-27,15.4,0,1
"OBS_DEU_P1D_T2M_X",1757,1928-05-28,15.4,0,1
"OBS_DEU_P1D_T2M_X",1757,1928-05-29,18.3,0,1
"OBS_DEU_P1D_T2M_X",1757,1928-05-30,20.9,0,1
"OBS_DEU_P1D_T2M_X",1757,1928-05-31,14.8,0,1
"OBS_DEU_P1D_T2M_X",1757,1928-06-01,9.5,0,1
"OBS_DEU_P1D_T2M_X",1757,1928-06-02,15.3,0,1
"OBS_DEU_P1D_T2M_X",1757,1928-06-03,16.4,0,1
"OBS_DEU_P1D_T2M_X",1757,1928-06-04,16.3,0,1
"OBS_DEU_P1D_T2M_X",1757,1928-06-05,13.7,0,1
"OBS_DEU_P1D_T2M_X",1757,1928-06-06,14.1,0,1
"OBS_DEU_P1D_T2M_X",1757,1928-06-07,19.4,0,1
"OBS_DEU_P1D_T2M_X",1757,1928-06-08,19.6,0,1
"OBS_DEU_P1D_T2M_X",1757,1928-06-09,21.1,0,1
"OBS_DEU_P1D_T2M_X",1757,1928-06-10,24.1,0,1
"OBS_DEU_P1D_T2M_X",1757,1928-06-11,17.1,0,1
"OBS_DEU_P1D_T2M_X",1757,1928-06-12,16.4,0,1
"OBS_DEU_P1D_T2M_X",1757,1928-06-13,18.3,0,1
"OBS_DEU_P1D_T2M_X",1757,1928-06-14,20.6,0,1
"OBS_DEU_P1D_T2M_X",1757,1928-06-15,15,0,1
"OBS_DEU_P1D_T2M_X",1757,1928-06-16,11.1,0,1
"OBS_DEU_P1D_T2M_X",1757,1928-06-17,14.4,0,1
"OBS_DEU_P1D_T2M_X",1757,1928-06-18,12.2,0,1
"OBS_DEU_P1D_T2M_X",1757,1928-06-19,15.4,0,1
"OBS_DEU_P1D_T2M_X",1757,1928-06-20,17.6,0,1
"OBS_DEU_P1D_T2M_X",1757,1928-06-21,16.4,0,1
"OBS_DEU_P1D_T2M_X",1757,1928-06-22,16.6,0,1
"OBS_DEU_P1D_T2M_X",1757,1928-06-23,19.4,0,1
"OBS_DEU_P1D_T2M_X",1757,1928-06-24,18.1,0,1
"OBS_DEU_P1D_T2M_X",1757,1928-06-25,18.4,0,1
"OBS_DEU_P1D_T2M_X",1757,1928-06-26,21.5,0,1
"OBS_DEU_P1D_T2M_X",1757,1928-06-27,16.4,0,1
"OBS_DEU_P1D_T2M_X",1757,1928-06-28,17.6,0,1
"OBS_DEU_P1D_T2M_X",1757,1928-06-29,20.4,0,1
"OBS_DEU_P1D_T2M_X",1757,1928-06-30,22.7,0,1
"OBS_DEU_P1D_T2M_X",1757,1928-07-01,18.4,0,1
"OBS_DEU_P1D_T2M_X",1757,1928-07-02,23.4,0,1
"OBS_DEU_P1D_T2M_X",1757,1928-07-03,25.2,0,1
"OBS_DEU_P1D_T2M_X",1757,1928-07-04,17.4,0,1
"OBS_DEU_P1D_T2M_X",1757,1928-07-05,19.2,0,1
"OBS_DEU_P1D_T2M_X",1757,1928-07-06,22,0,1
"OBS_DEU_P1D_T2M_X",1757,1928-07-07,21.9,0,1
"OBS_DEU_P1D_T2M_X",1757,1928-07-08,17.2,0,1
"OBS_DEU_P1D_T2M_X",1757,1928-07-09,22.2,0,1
"OBS_DEU_P1D_T2M_X",1757,1928-07-10,21.7,0,1
"OBS_DEU_P1D_T2M_X",1757,1928-07-11,21.9,0,1
"OBS_DEU_P1D_T2M_X",1757,1928-07-12,27.4,0,1
"OBS_DEU_P1D_T2M_X",1757,1928-07-13,30.4,0,1
"OBS_DEU_P1D_T2M_X",1757,1928-07-14,24.4,0,1
"OBS_DEU_P1D_T2M_X",1757,1928-07-15,29.2,0,1
"OBS_DEU_P1D_T2M_X",1757,1928-07-16,26.7,0,1
"OBS_DEU_P1D_T2M_X",1757,1928-07-17,19.9,0,1
"OBS_DEU_P1D_T2M_X",1757,1928-07-18,21.7,0,1
"OBS_DEU_P1D_T2M_X",1757,1928-07-19,17.8,0,1
"OBS_DEU_P1D_T2M_X",1757,1928-07-20,14.9,0,1
"OBS_DEU_P1D_T2M_X",1757,1928-07-21,17.1,0,1
"OBS_DEU_P1D_T2M_X",1757,1928-07-22,17.8,0,1
"OBS_DEU_P1D_T2M_X",1757,1928-07-23,17.9,0,1
"OBS_DEU_P1D_T2M_X",1757,1928-07-24,16.9,0,1
"OBS_DEU_P1D_T2M_X",1757,1928-07-25,17.2,0,1
"OBS_DEU_P1D_T2M_X",1757,1928-07-26,20.5,0,1
"OBS_DEU_P1D_T2M_X",1757,1928-07-27,22.2,0,1
"OBS_DEU_P1D_T2M_X",1757,1928-07-28,23.6,0,1
"OBS_DEU_P1D_T2M_X",1757,1928-07-29,19.2,0,1
"OBS_DEU_P1D_T2M_X",1757,1928-07-30,19.4,0,1
"OBS_DEU_P1D_T2M_X",1757,1928-07-31,18,0,1
"OBS_DEU_P1D_T2M_X",1757,1928-08-01,16.4,0,1
"OBS_DEU_P1D_T2M_X",1757,1928-08-02,16.3,0,1
"OBS_DEU_P1D_T2M_X",1757,1928-08-03,17.1,0,1
"OBS_DEU_P1D_T2M_X",1757,1928-08-04,19.7,0,1
"OBS_DEU_P1D_T2M_X",1757,1928-08-05,15.2,0,1
"OBS_DEU_P1D_T2M_X",1757,1928-08-06,19.2,0,1
"OBS_DEU_P1D_T2M_X",1757,1928-08-07,19.3,0,1
"OBS_DEU_P1D_T2M_X",1757,1928-08-08,19.9,0,1
"OBS_DEU_P1D_T2M_X",1757,1928-08-09,18.1,0,1
"OBS_DEU_P1D_T2M_X",1757,1928-08-10,19.1,0,1
"OBS_DEU_P1D_T2M_X",1757,1928-08-11,18.1,0,1
"OBS_DEU_P1D_T2M_X",1757,1928-08-12,23.9,0,1
"OBS_DEU_P1D_T2M_X",1757,1928-08-13,20.7,0,1
"OBS_DEU_P1D_T2M_X",1757,1928-08-14,22.8,0,1
"OBS_DEU_P1D_T2M_X",1757,1928-08-15,23.9,0,1
"OBS_DEU_P1D_T2M_X",1757,1928-08-16,18.2,0,1
"OBS_DEU_P1D_T2M_X",1757,1928-08-17,16.2,0,1
"OBS_DEU_P1D_T2M_X",1757,1928-08-18,14.7,0,1
"OBS_DEU_P1D_T2M_X",1757,1928-08-19,18,0,1
"OBS_DEU_P1D_T2M_X",1757,1928-08-20,20.4,0,1
"OBS_DEU_P1D_T2M_X",1757,1928-08-21,20.7,0,1
"OBS_DEU_P1D_T2M_X",1757,1928-08-22,16.8,0,1
"OBS_DEU_P1D_T2M_X",1757,1928-08-23,18.5,0,1
"OBS_DEU_P1D_T2M_X",1757,1928-08-24,21,0,1
"OBS_DEU_P1D_T2M_X",1757,1928-08-25,22.5,0,1
"OBS_DEU_P1D_T2M_X",1757,1928-08-26,21.3,0,1
"OBS_DEU_P1D_T2M_X",1757,1928-08-27,19.9,0,1
"OBS_DEU_P1D_T2M_X",1757,1928-08-28,21,0,1
"OBS_DEU_P1D_T2M_X",1757,1928-08-29,20.5,0,1
"OBS_DEU_P1D_T2M_X",1757,1928-08-30,16.5,0,1
"OBS_DEU_P1D_T2M_X",1757,1928-08-31,16.5,0,1
"OBS_DEU_P1D_T2M_X",1757,1928-09-01,15.6,0,1
"OBS_DEU_P1D_T2M_X",1757,1928-09-02,16.8,0,1
"OBS_DEU_P1D_T2M_X",1757,1928-09-03,21.9,0,1
"OBS_DEU_P1D_T2M_X",1757,1928-09-04,19.1,0,1
"OBS_DEU_P1D_T2M_X",1757,1928-09-05,24.4,0,1
"OBS_DEU_P1D_T2M_X",1757,1928-09-06,24.4,0,1
"OBS_DEU_P1D_T2M_X",1757,1928-09-07,19.4,0,1
"OBS_DEU_P1D_T2M_X",1757,1928-09-08,22.4,0,1
"OBS_DEU_P1D_T2M_X",1757,1928-09-09,24.4,0,1
"OBS_DEU_P1D_T2M_X",1757,1928-09-10,20.4,0,1
"OBS_DEU_P1D_T2M_X",1757,1928-09-11,22.9,0,1
"OBS_DEU_P1D_T2M_X",1757,1928-09-12,16.3,0,1
"OBS_DEU_P1D_T2M_X",1757,1928-09-13,17.3,0,1
"OBS_DEU_P1D_T2M_X",1757,1928-09-14,18.2,0,1
"OBS_DEU_P1D_T2M_X",1757,1928-09-15,17.9,0,1
"OBS_DEU_P1D_T2M_X",1757,1928-09-16,16.7,0,1
"OBS_DEU_P1D_T2M_X",1757,1928-09-17,17.6,0,1
"OBS_DEU_P1D_T2M_X",1757,1928-09-18,21.2,0,1
"OBS_DEU_P1D_T2M_X",1757,1928-09-19,22,0,1
"OBS_DEU_P1D_T2M_X",1757,1928-09-20,20.4,0,1
"OBS_DEU_P1D_T2M_X",1757,1928-09-21,14.8,0,1
"OBS_DEU_P1D_T2M_X",1757,1928-09-22,10.2,0,1
"OBS_DEU_P1D_T2M_X",1757,1928-09-23,12.9,0,1
"OBS_DEU_P1D_T2M_X",1757,1928-09-24,9.7,0,1
"OBS_DEU_P1D_T2M_X",1757,1928-09-25,11.1,0,1
"OBS_DEU_P1D_T2M_X",1757,1928-09-26,14.5,0,1
"OBS_DEU_P1D_T2M_X",1757,1928-09-27,14.9,0,1
"OBS_DEU_P1D_T2M_X",1757,1928-09-28,15.4,0,1
"OBS_DEU_P1D_T2M_X",1757,1928-09-29,10,0,1
"OBS_DEU_P1D_T2M_X",1757,1928-09-30,8.5,0,1
"OBS_DEU_P1D_T2M_X",1757,1928-10-01,11.2,0,1
"OBS_DEU_P1D_T2M_X",1757,1928-10-02,11.4,0,1
"OBS_DEU_P1D_T2M_X",1757,1928-10-03,11.5,0,1
"OBS_DEU_P1D_T2M_X",1757,1928-10-04,11.5,0,1
"OBS_DEU_P1D_T2M_X",1757,1928-10-05,12.7,0,1
"OBS_DEU_P1D_T2M_X",1757,1928-10-06,14.9,0,1
"OBS_DEU_P1D_T2M_X",1757,1928-10-07,13.9,0,1
"OBS_DEU_P1D_T2M_X",1757,1928-10-08,13.4,0,1
"OBS_DEU_P1D_T2M_X",1757,1928-10-09,16.4,0,1
"OBS_DEU_P1D_T2M_X",1757,1928-10-10,14.8,0,1
"OBS_DEU_P1D_T2M_X",1757,1928-10-11,9.9,0,1
"OBS_DEU_P1D_T2M_X",1757,1928-10-12,6.4,0,1
"OBS_DEU_P1D_T2M_X",1757,1928-10-13,6.7,0,1
"OBS_DEU_P1D_T2M_X",1757,1928-10-14,7.4,0,1
"OBS_DEU_P1D_T2M_X",1757,1928-10-15,8.4,0,1
"OBS_DEU_P1D_T2M_X",1757,1928-10-16,8.8,0,1
"OBS_DEU_P1D_T2M_X",1757,1928-10-17,10.6,0,1
"OBS_DEU_P1D_T2M_X",1757,1928-10-18,12.8,0,1
"OBS_DEU_P1D_T2M_X",1757,1928-10-19,12.7,0,1
"OBS_DEU_P1D_T2M_X",1757,1928-10-20,15.9,0,1
"OBS_DEU_P1D_T2M_X",1757,1928-10-21,15.2,0,1
"OBS_DEU_P1D_T2M_X",1757,1928-10-22,11.9,0,1
"OBS_DEU_P1D_T2M_X",1757,1928-10-23,12.5,0,1
"OBS_DEU_P1D_T2M_X",1757,1928-10-24,13.7,0,1
"OBS_DEU_P1D_T2M_X",1757,1928-10-25,15,0,1
"OBS_DEU_P1D_T2M_X",1757,1928-10-26,14.4,0,1
"OBS_DEU_P1D_T2M_X",1757,1928-10-27,12.4,0,1
"OBS_DEU_P1D_T2M_X",1757,1928-10-28,13.7,0,1
"OBS_DEU_P1D_T2M_X",1757,1928-10-29,11.6,0,1
"OBS_DEU_P1D_T2M_X",1757,1928-10-30,11.4,0,1
"OBS_DEU_P1D_T2M_X",1757,1928-10-31,12.6,0,1
"OBS_DEU_P1D_T2M_X",1757,1928-11-01,12.6,0,1
"OBS_DEU_P1D_T2M_X",1757,1928-11-02,12.4,0,1
"OBS_DEU_P1D_T2M_X",1757,1928-11-03,13.5,0,1
"OBS_DEU_P1D_T2M_X",1757,1928-11-04,9.8,0,1
"OBS_DEU_P1D_T2M_X",1757,1928-11-05,9.7,0,1
"OBS_DEU_P1D_T2M_X",1757,1928-11-06,8.2,0,1
"OBS_DEU_P1D_T2M_X",1757,1928-11-07,9.3,0,1
"OBS_DEU_P1D_T2M_X",1757,1928-11-08,9.3,0,1
"OBS_DEU_P1D_T2M_X",1757,1928-11-09,10.1,0,1
"OBS_DEU_P1D_T2M_X",1757,1928-11-10,6.3,0,1
"OBS_DEU_P1D_T2M_X",1757,1928-11-11,4.3,0,1
"OBS_DEU_P1D_T2M_X",1757,1928-11-12,12.7,0,1
"OBS_DEU_P1D_T2M_X",1757,1928-11-13,12.6,0,1
"OBS_DEU_P1D_T2M_X",1757,1928-11-14,11.9,0,1
"OBS_DEU_P1D_T2M_X",1757,1928-11-15,7.9,0,1
"OBS_DEU_P1D_T2M_X",1757,1928-11-16,10.6,0,1
"OBS_DEU_P1D_T2M_X",1757,1928-11-17,10.1,0,1
"OBS_DEU_P1D_T2M_X",1757,1928-11-18,8.7,0,1
"OBS_DEU_P1D_T2M_X",1757,1928-11-19,8.7,0,1
"OBS_DEU_P1D_T2M_X",1757,1928-11-20,10.3,0,1
"OBS_DEU_P1D_T2M_X",1757,1928-11-21,8.2,0,1
"OBS_DEU_P1D_T2M_X",1757,1928-11-22,12.4,0,1
"OBS_DEU_P1D_T2M_X",1757,1928-11-23,11.4,0,1
"OBS_DEU_P1D_T2M_X",1757,1928-11-24,11.1,0,1
"OBS_DEU_P1D_T2M_X",1757,1928-11-25,7.7,0,1
"OBS_DEU_P1D_T2M_X",1757,1928-11-26,7.6,0,1
"OBS_DEU_P1D_T2M_X",1757,1928-11-27,8,0,1
"OBS_DEU_P1D_T2M_X",1757,1928-11-28,5.9,0,1
"OBS_DEU_P1D_T2M_X",1757,1928-11-29,5.7,0,1
"OBS_DEU_P1D_T2M_X",1757,1928-11-30,7.3,0,1
"OBS_DEU_P1D_T2M_X",1757,1928-12-01,7.2,0,1
"OBS_DEU_P1D_T2M_X",1757,1928-12-02,5.1,0,1
"OBS_DEU_P1D_T2M_X",1757,1928-12-03,5.8,0,1
"OBS_DEU_P1D_T2M_X",1757,1928-12-04,4.5,0,1
"OBS_DEU_P1D_T2M_X",1757,1928-12-05,4.6,0,1
"OBS_DEU_P1D_T2M_X",1757,1928-12-06,6.3,0,1
"OBS_DEU_P1D_T2M_X",1757,1928-12-07,6.1,0,1
"OBS_DEU_P1D_T2M_X",1757,1928-12-08,4.4,0,1
"OBS_DEU_P1D_T2M_X",1757,1928-12-09,2,0,1
"OBS_DEU_P1D_T2M_X",1757,1928-12-10,2.3,0,1
"OBS_DEU_P1D_T2M_X",1757,1928-12-11,1.2,0,1
"OBS_DEU_P1D_T2M_X",1757,1928-12-12,4.4,0,1
"OBS_DEU_P1D_T2M_X",1757,1928-12-13,4.7,0,1
"OBS_DEU_P1D_T2M_X",1757,1928-12-14,3.7,0,1
"OBS_DEU_P1D_T2M_X",1757,1928-12-15,3,0,1
"OBS_DEU_P1D_T2M_X",1757,1928-12-16,2.8,0,1
"OBS_DEU_P1D_T2M_X",1757,1928-12-17,1.4,0,1
"OBS_DEU_P1D_T2M_X",1757,1928-12-18,0.2,0,1
"OBS_DEU_P1D_T2M_X",1757,1928-12-19,-4.2,0,1
"OBS_DEU_P1D_T2M_X",1757,1928-12-20,-5.3,0,1
"OBS_DEU_P1D_T2M_X",1757,1928-12-21,-2.6,0,1
"OBS_DEU_P1D_T2M_X",1757,1928-12-22,-4.4,0,1
"OBS_DEU_P1D_T2M_X",1757,1928-12-23,-0.3,0,1
"OBS_DEU_P1D_T2M_X",1757,1928-12-24,0.5,0,1
"OBS_DEU_P1D_T2M_X",1757,1928-12-25,1.7,0,1
"OBS_DEU_P1D_T2M_X",1757,1928-12-26,4.3,0,1
"OBS_DEU_P1D_T2M_X",1757,1928-12-27,3.9,0,1
"OBS_DEU_P1D_T2M_X",1757,1928-12-28,3.7,0,1
"OBS_DEU_P1D_T2M_X",1757,1928-12-29,0.6,0,1
"OBS_DEU_P1D_T2M_X",1757,1928-12-30,1,0,1
"OBS_DEU_P1D_T2M_X",1757,1928-12-31,2,0,1
"OBS_DEU_P1D_T2M_X",1757,1929-01-01,0.8,5,1
"OBS_DEU_P1D_T2M_X",1757,1929-01-02,2.1,0,1
"OBS_DEU_P1D_T2M_X",1757,1929-01-03,0.7,0,1
"OBS_DEU_P1D_T2M_X",1757,1929-01-04,0.4,0,1
"OBS_DEU_P1D_T2M_X",1757,1929-01-05,-1.4,0,1
"OBS_DEU_P1D_T2M_X",1757,1929-01-06,-0.7,0,1
"OBS_DEU_P1D_T2M_X",1757,1929-01-07,-2.4,0,1
"OBS_DEU_P1D_T2M_X",1757,1929-01-08,-2.7,0,1
"OBS_DEU_P1D_T2M_X",1757,1929-01-09,-5.1,0,1
"OBS_DEU_P1D_T2M_X",1757,1929-01-10,-6.7,0,1
"OBS_DEU_P1D_T2M_X",1757,1929-01-11,-1.9,0,1
"OBS_DEU_P1D_T2M_X",1757,1929-01-12,-0.1,0,1
"OBS_DEU_P1D_T2M_X",1757,1929-01-13,3.2,0,1
"OBS_DEU_P1D_T2M_X",1757,1929-01-14,1.6,0,1
"OBS_DEU_P1D_T2M_X",1757,1929-01-15,-1.6,0,1
"OBS_DEU_P1D_T2M_X",1757,1929-01-16,-3.4,0,1
"OBS_DEU_P1D_T2M_X",1757,1929-01-17,-4.2,0,1
"OBS_DEU_P1D_T2M_X",1757,1929-01-18,-3,0,1
"OBS_DEU_P1D_T2M_X",1757,1929-01-19,2.5,0,1
"OBS_DEU_P1D_T2M_X",1757,1929-01-20,0.3,0,1
"OBS_DEU_P1D_T2M_X",1757,1929-01-21,0.3,0,1
"OBS_DEU_P1D_T2M_X",1757,1929-01-22,0.9,0,1
"OBS_DEU_P1D_T2M_X",1757,1929-01-23,1.3,0,1
"OBS_DEU_P1D_T2M_X",1757,1929-01-24,0.2,0,1
"OBS_DEU_P1D_T2M_X",1757,1929-01-25,-2.9,0,1
"OBS_DEU_P1D_T2M_X",1757,1929-01-26,-3.3,0,1
"OBS_DEU_P1D_T2M_X",1757,1929-01-27,-1.7,0,1
"OBS_DEU_P1D_T2M_X",1757,1929-01-28,-1.6,0,1
"OBS_DEU_P1D_T2M_X",1757,1929-01-29,-1.4,0,1
"OBS_DEU_P1D_T2M_X",1757,1929-01-30,-2.3,0,1
"OBS_DEU_P1D_T2M_X",1757,1929-01-31,-5.7,0,1
"OBS_DEU_P1D_T2M_X",1757,1929-02-01,-7.3,0,1
"OBS_DEU_P1D_T2M_X",1757,1929-02-02,-11.9,0,1
"OBS_DEU_P1D_T2M_X",1757,1929-02-03,-10.9,0,1
"OBS_DEU_P1D_T2M_X",1757,1929-02-04,-5.9,0,1
"OBS_DEU_P1D_T2M_X",1757,1929-02-05,-7.1,0,1
"OBS_DEU_P1D_T2M_X",1757,1929-02-06,-5,0,1
"OBS_DEU_P1D_T2M_X",1757,1929-02-07,-11.1,0,1
"OBS_DEU_P1D_T2M_X",1757,1929-02-08,-2.8,0,1
"OBS_DEU_P1D_T2M_X",1757,1929-02-09,-1.9,0,1
"OBS_DEU_P1D_T2M_X",1757,1929-02-10,-13.8,5,1
"OBS_DEU_P1D_T2M_X",1757,1929-02-11,-10.6,0,1
"OBS_DEU_P1D_T2M_X",1757,1929-02-12,-12.5,0,1
"OBS_DEU_P1D_T2M_X",1757,1929-02-13,-11.3,0,1
"OBS_DEU_P1D_T2M_X",1757,1929-02-14,-7.6,0,1
"OBS_DEU_P1D_T2M_X",1757,1929-02-15,-6.6,0,1
"OBS_DEU_P1D_T2M_X",1757,1929-02-16,-5.3,0,1
"OBS_DEU_P1D_T2M_X",1757,1929-02-17,-5.9,0,1
"OBS_DEU_P1D_T2M_X",1757,1929-02-18,-4.1,0,1
"OBS_DEU_P1D_T2M_X",1757,1929-02-19,-5.9,0,1
"OBS_DEU_P1D_T2M_X",1757,1929-02-20,-6.1,0,1
"OBS_DEU_P1D_T2M_X",1757,1929-02-21,-3.2,0,1
"OBS_DEU_P1D_T2M_X",1757,1929-02-22,0.5,0,1
"OBS_DEU_P1D_T2M_X",1757,1929-02-23,1.2,0,1
"OBS_DEU_P1D_T2M_X",1757,1929-02-24,-2.4,0,1
"OBS_DEU_P1D_T2M_X",1757,1929-02-25,-4.6,0,1
"OBS_DEU_P1D_T2M_X",1757,1929-02-26,-6.7,0,1
"OBS_DEU_P1D_T2M_X",1757,1929-02-27,-8.3,0,1
"OBS_DEU_P1D_T2M_X",1757,1929-02-28,-2.4,0,1
"OBS_DEU_P1D_T2M_X",1757,1929-03-01,-0.1,0,1
"OBS_DEU_P1D_T2M_X",1757,1929-03-02,-0.9,0,1
"OBS_DEU_P1D_T2M_X",1757,1929-03-03,0.6,0,1
"OBS_DEU_P1D_T2M_X",1757,1929-03-04,1.9,0,1
"OBS_DEU_P1D_T2M_X",1757,1929-03-05,2.1,0,1
"OBS_DEU_P1D_T2M_X",1757,1929-03-06,2.9,0,1
"OBS_DEU_P1D_T2M_X",1757,1929-03-07,3.1,0,1
"OBS_DEU_P1D_T2M_X",1757,1929-03-08,2.1,0,1
"OBS_DEU_P1D_T2M_X",1757,1929-03-09,3.7,0,1
"OBS_DEU_P1D_T2M_X",1757,1929-03-10,2.4,0,1
"OBS_DEU_P1D_T2M_X",1757,1929-03-11,3.9,0,1
"OBS_DEU_P1D_T2M_X",1757,1929-03-12,2.5,0,1
"OBS_DEU_P1D_T2M_X",1757,1929-03-13,6.4,0,1
"OBS_DEU_P1D_T2M_X",1757,1929-03-14,6.7,0,1
"OBS_DEU_P1D_T2M_X",1757,1929-03-15,5.4,0,1
"OBS_DEU_P1D_T2M_X",1757,1929-03-16,7.6,0,1
"OBS_DEU_P1D_T2M_X",1757,1929-03-17,7.5,0,1
"OBS_DEU_P1D_T2M_X",1757,1929-03-18,2.2,0,1
"OBS_DEU_P1D_T2M_X",1757,1929-03-19,4.4,0,1
"OBS_DEU_P1D_T2M_X",1757,1929-03-20,7,0,1
"OBS_DEU_P1D_T2M_X",1757,1929-03-21,1.2,0,1
"OBS_DEU_P1D_T2M_X",1757,1929-03-22,12.1,0,1
"OBS_DEU_P1D_T2M_X",1757,1929-03-23,11.3,0,1
"OBS_DEU_P1D_T2M_X",1757,1929-03-24,8.3,0,1
"OBS_DEU_P1D_T2M_X",1757,1929-03-25,13.1,0,1
"OBS_DEU_P1D_T2M_X",1757,1929-03-26,7.4,0,1
"OBS_DEU_P1D_T2M_X",1757,1929-03-27,6.7,0,1
"OBS_DEU_P1D_T2M_X",1757,1929-03-28,13.4,0,1
"OBS_DEU_P1D_T2M_X",1757,1929-03-29,10.7,0,1
"OBS_DEU_P1D_T2M_X",1757,1929-03-30,8.2,0,1
"OBS_DEU_P1D_T2M_X",1757,1929-03-31,6.1,0,1
"OBS_DEU_P1D_T2M_X",1757,1929-04-01,7.1,0,1
"OBS_DEU_P1D_T2M_X",1757,1929-04-02,2.2,0,1
"OBS_DEU_P1D_T2M_X",1757,1929-04-03,0,0,1
"OBS_DEU_P1D_T2M_X",1757,1929-04-04,-0.4,0,1
"OBS_DEU_P1D_T2M_X",1757,1929-04-05,1.1,0,1
"OBS_DEU_P1D_T2M_X",1757,1929-04-06,4.7,0,1
"OBS_DEU_P1D_T2M_X",1757,1929-04-07,8.3,0,1
"OBS_DEU_P1D_T2M_X",1757,1929-04-08,4.9,0,1
"OBS_DEU_P1D_T2M_X",1757,1929-04-09,7.5,0,1
"OBS_DEU_P1D_T2M_X",1757,1929-04-10,7.4,0,1
"OBS_DEU_P1D_T2M_X",1757,1929-04-11,4,0,1
"OBS_DEU_P1D_T2M_X",1757,1929-04-12,6.4,0,1
"OBS_DEU_P1D_T2M_X",1757,1929-04-13,9.1,0,1
"OBS_DEU_P1D_T2M_X",1757,1929-04-14,11.5,0,1
"OBS_DEU_P1D_T2M_X",1757,1929-04-15,5.5,0,1
"OBS_DEU_P1D_T2M_X",1757,1929-04-16,3.8,0,1
"OBS_DEU_P1D_T2M_X",1757,1929-04-17,11.3,0,1
"OBS_DEU_P1D_T2M_X",1757,1929-04-18,12.9,0,1
"OBS_DEU_P1D_T2M_X",1757,1929-04-19,16,0,1
"OBS_DEU_P1D_T2M_X",1757,1929-04-20,11.7,0,1
"OBS_DEU_P1D_T2M_X",1757,1929-04-21,6.3,0,1
"OBS_DEU_P1D_T2M_X",1757,1929-04-22,8,0,1
"OBS_DEU_P1D_T2M_X",1757,1929-04-23,9.2,0,1
"OBS_DEU_P1D_T2M_X",1757,1929-04-24,10.1,0,1
"OBS_DEU_P1D_T2M_X",1757,1929-04-25,6.9,0,1
"OBS_DEU_P1D_T2M_X",1757,1929-04-26,8.2,0,1
"OBS_DEU_P1D_T2M_X",1757,1929-04-27,5.2,0,1
"OBS_DEU_P1D_T2M_X",1757,1929-04-28,7.4,0,1
"OBS_DEU_P1D_T2M_X",1757,1929-04-29,7.9,0,1
"OBS_DEU_P1D_T2M_X",1757,1929-04-30,18.3,0,1
"OBS_DEU_P1D_T2M_X",1757,1929-05-01,10.6,5,1
"OBS_DEU_P1D_T2M_X",1757,1929-05-02,11.7,0,1
"OBS_DEU_P1D_T2M_X",1757,1929-05-03,9.7,0,1
"OBS_DEU_P1D_T2M_X",1757,1929-05-04,11.5,0,1
"OBS_DEU_P1D_T2M_X",1757,1929-05-05,20,0,1
"OBS_DEU_P1D_T2M_X",1757,1929-05-06,26.2,0,1
"OBS_DEU_P1D_T2M_X",1757,1929-05-07,19.6,0,1
"OBS_DEU_P1D_T2M_X",1757,1929-05-08,22.1,0,1
"OBS_DEU_P1D_T2M_X",1757,1929-05-09,15.4,0,1
"OBS_DEU_P1D_T2M_X",1757,1929-05-10,16.2,0,1
"OBS_DEU_P1D_T2M_X",1757,1929-05-11,20.2,0,1
"OBS_DEU_P1D_T2M_X",1757,1929-05-12,21.7,0,1
"OBS_DEU_P1D_T2M_X",1757,1929-05-13,16.1,0,1
"OBS_DEU_P1D_T2M_X",1757,1929-05-14,19.1,0,1
"OBS_DEU_P1D_T2M_X",1757,1929-05-15,16.4,0,1
"OBS_DEU_P1D_T2M_X",1757,1929-05-16,16.5,0,1
"OBS_DEU_P1D_T2M_X",1757,1929-05-17,12.3,0,1
"OBS_DEU_P1D_T2M_X",1757,1929-05-18,9.9,0,1
"OBS_DEU_P1D_T2M_X",1757,1929-05-19,9.2,0,1
"OBS_DEU_P1D_T2M_X",1757,1929-05-20,17.1,0,1
"OBS_DEU_P1D_T2M_X",1757,1929-05-21,18.6,0,1
"OBS_DEU_P1D_T2M_X",1757,1929-05-22,19.2,0,1
"OBS_DEU_P1D_T2M_X",1757,1929-05-23,15.7,0,1
"OBS_DEU_P1D_T2M_X",1757,1929-05-24,18.5,0,1
"OBS_DEU_P1D_T2M_X",1757,1929-05-25,20.2,0,1
"OBS_DEU_P1D_T2M_X",1757,1929-05-26,17.9,0,1
"OBS_DEU_P1D_T2M_X",1757,1929-05-27,21.7,0,1
"OBS_DEU_P1D_T2M_X",1757,1929-05-28,21.3,0,1
"OBS_DEU_P1D_T2M_X",1757,1929-05-29,16.9,0,1
"OBS_DEU_P1D_T2M_X",1757,1929-05-30,16.4,0,1
"OBS_DEU_P1D_T2M_X",1757,1929-05-31,15.9,0,1
"OBS_DEU_P1D_T2M_X",1757,1929-06-01,14.7,0,1
"OBS_DEU_P1D_T2M_X",1757,1929-06-02,11.1,0,1
"OBS_DEU_P1D_T2M_X",1757,1929-06-03,18.1,0,1
"OBS_DEU_P1D_T2M_X",1757,1929-06-04,14,0,1
"OBS_DEU_P1D_T2M_X",1757,1929-06-05,11.7,0,1
"OBS_DEU_P1D_T2M_X",1757,1929-06-06,13.3,0,1
"OBS_DEU_P1D_T2M_X",1757,1929-06-07,15.6,0,1
"OBS_DEU_P1D_T2M_X",1757,1929-06-08,15.7,0,1
"OBS_DEU_P1D_T2M_X",1757,1929-06-09,19.1,0,1
"OBS_DEU_P1D_T2M_X",1757,1929-06-10,16.2,0,1
"OBS_DEU_P1D_T2M_X",1757,1929-06-11,17.4,0,1
"OBS_DEU_P1D_T2M_X",1757,1929-06-12,19.5,0,1
"OBS_DEU_P1D_T2M_X",1757,1929-06-13,26.2,0,1
"OBS_DEU_P1D_T2M_X",1757,1929-06-14,21.9,0,1
"OBS_DEU_P1D_T2M_X",1757,1929-06-15,21.9,0,1
"OBS_DEU_P1D_T2M_X",1757,1929-06-16,22.4,0,1
"OBS_DEU_P1D_T2M_X",1757,1929-06-17,20,0,1
"OBS_DEU_P1D_T2M_X",1757,1929-06-18,18.9,0,1
"OBS_DEU_P1D_T2M_X",1757,1929-06-19,27.1,0,1
"OBS_DEU_P1D_T2M_X",1757,1929-06-20,27.1,0,1
"OBS_DEU_P1D_T2M_X",1757,1929-06-21,17.7,0,1
"OBS_DEU_P1D_T2M_X",1757,1929-06-22,15.1,0,1
"OBS_DEU_P1D_T2M_X",1757,1929-06-23,16.2,0,1
"OBS_DEU_P1D_T2M_X",1757,1929-06-24,14.1,0,1
"OBS_DEU_P1D_T2M_X",1757,1929-06-25,14.9,0,1
"OBS_DEU_P1D_T2M_X",1757,1929-06-26,17.9,0,1
"OBS_DEU_P1D_T2M_X",1757,1929-06-27,13.7,0,1
"OBS_DEU_P1D_T2M_X",1757,1929-06-28,18.6,0,1
"OBS_DEU_P1D_T2M_X",1757,1929-06-29,13.9,0,1
"OBS_DEU_P1D_T2M_X",1757,1929-06-30,15.4,0,1
"OBS_DEU_P1D_T2M_X",1757,1929-07-01,19.1,0,1
"OBS_DEU_P1D_T2M_X",1757,1929-07-02,15.4,0,1
"OBS_DEU_P1D_T2M_X",1757,1929-07-03,20.9,0,1
"OBS_DEU_P1D_T2M_X",1757,1929-07-04,19.2,0,1
"OBS_DEU_P1D_T2M_X",1757,1929-07-05,20.3,0,1
"OBS_DEU_P1D_T2M_X",1757,1929-07-06,20.2,0,1
"OBS_DEU_P1D_T2M_X",1757,1929-07-07,17.7,0,1
"OBS_DEU_P1D_T2M_X",1757,1929-07-08,17.7,0,1
"OBS_DEU_P1D_T2M_X",1757,1929-07-09,15.2,0,1
"OBS_DEU_P1D_T2M_X",1757,1929-07-10,18.5,0,1
"OBS_DEU_P1D_T2M_X",1757,1929-07-11,25,0,1
"OBS_DEU_P1D_T2M_X",1757,1929-07-12,25.2,0,1
"OBS_DEU_P1D_T2M_X",1757,1929-07-13,18.8,0,1
"OBS_DEU_P1D_T2M_X",1757,1929-07-14,20.1,0,1
"OBS_DEU_P1D_T2M_X",1757,1929-07-15,18.7,0,1
"OBS_DEU_P1D_T2M_X",1757,1929-07-16,19.4,0,1
"OBS_DEU_P1D_T2M_X",1757,1929-07-17,23.3,0,1
"OBS_DEU_P1D_T2M_X",1757,1929-07-18,21.3,0,1
"OBS_DEU_P1D_T2M_X",1757,1929-07-19,29.9,0,1
"OBS_DEU_P1D_T2M_X",1757,1929-07-20,25.2,0,1
"OBS_DEU_P1D_T2M_X",1757,1929-07-21,27.4,0,1
"OBS_DEU_P1D_T2M_X",1757,1929-07-22,26.3,0,1
"OBS_DEU_P1D_T2M_X",1757,1929-07-23,26.2,0,1
"OBS_DEU_P1D_T2M_X",1757,1929-07-24,23.4,0,1
"OBS_DEU_P1D_T2M_X",1757,1929-07-25,18.4,0,1
"OBS_DEU_P1D_T2M_X",1757,1929-07-26,17.7,0,1
"OBS_DEU_P1D_T2M_X",1757,1929-07-27,17.5,0,1
"OBS_DEU_P1D_T2M_X",1757,1929-07-28,16.7,0,1
"OBS_DEU_P1D_T2M_X",1757,1929-07-29,19.6,0,1
"OBS_DEU_P1D_T2M_X",1757,1929-07-30,18.4,0,1
"OBS_DEU_P1D_T2M_X",1757,1929-07-31,18.5,0,1
"OBS_DEU_P1D_T2M_X",1757,1929-08-01,21,0,1
"OBS_DEU_P1D_T2M_X",1757,1929-08-02,19.8,0,1
"OBS_DEU_P1D_T2M_X",1757,1929-08-03,17.6,0,1
"OBS_DEU_P1D_T2M_X",1757,1929-08-04,23,0,1
"OBS_DEU_P1D_T2M_X",1757,1929-08-05,25.3,0,1
"OBS_DEU_P1D_T2M_X",1757,1929-08-06,19.1,0,1
"OBS_DEU_P1D_T2M_X",1757,1929-08-07,25.9,0,1
"OBS_DEU_P1D_T2M_X",1757,1929-08-08,28.2,0,1
"OBS_DEU_P1D_T2M_X",1757,1929-08-09,19.5,0,1
"OBS_DEU_P1D_T2M_X",1757,1929-08-10,20,0,1
"OBS_DEU_P1D_T2M_X",1757,1929-08-11,23.5,0,1
"OBS_DEU_P1D_T2M_X",1757,1929-08-12,20.1,0,1
"OBS_DEU_P1D_T2M_X",1757,1929-08-13,19.9,0,1
"OBS_DEU_P1D_T2M_X",1757,1929-08-14,25.2,0,1
"OBS_DEU_P1D_T2M_X",1757,1929-08-15,19.1,0,1
"OBS_DEU_P1D_T2M_X",1757,1929-08-16,19.7,0,1
"OBS_DEU_P1D_T2M_X",1757,1929-08-17,28,0,1
"OBS_DEU_P1D_T2M_X",1757,1929-08-18,22.5,0,1
"OBS_DEU_P1D_T2M_X",1757,1929-08-19,17.4,0,1
"OBS_DEU_P1D_T2M_X",1757,1929-08-20,17.3,0,1
"OBS_DEU_P1D_T2M_X",1757,1929-08-21,18.4,0,1
"OBS_DEU_P1D_T2M_X",1757,1929-08-22,20.4,0,1
"OBS_DEU_P1D_T2M_X",1757,1929-08-23,21.4,0,1
"OBS_DEU_P1D_T2M_X",1757,1929-08-24,20.4,0,1
"OBS_DEU_P1D_T2M_X",1757,1929-08-25,20.9,0,1
"OBS_DEU_P1D_T2M_X",1757,1929-08-26,17.9,0,1
"OBS_DEU_P1D_T2M_X",1757,1929-08-27,21.9,0,1
"OBS_DEU_P1D_T2M_X",1757,1929-08-28,27.4,0,1
"OBS_DEU_P1D_T2M_X",1757,1929-08-29,24.4,0,1
"OBS_DEU_P1D_T2M_X",1757,1929-08-30,25.9,0,1
"OBS_DEU_P1D_T2M_X",1757,1929-08-31,25,0,1
"OBS_DEU_P1D_T2M_X",1757,1929-09-01,30.4,0,1
"OBS_DEU_P1D_T2M_X",1757,1929-09-02,24,0,1
"OBS_DEU_P1D_T2M_X",1757,1929-09-03,19.4,0,1
"OBS_DEU_P1D_T2M_X",1757,1929-09-04,21.9,0,1
"OBS_DEU_P1D_T2M_X",1757,1929-09-05,28.4,0,1
"OBS_DEU_P1D_T2M_X",1757,1929-09-06,20.1,0,1
"OBS_DEU_P1D_T2M_X",1757,1929-09-07,17.7,0,1
"OBS_DEU_P1D_T2M_X",1757,1929-09-08,18.4,0,1
"OBS_DEU_P1D_T2M_X",1757,1929-09-09,20.9,0,1
"OBS_DEU_P1D_T2M_X",1757,1929-09-10,20.7,0,1
"OBS_DEU_P1D_T2M_X",1757,1929-09-11,20.4,0,1
"OBS_DEU_P1D_T2M_X",1757,1929-09-12,20.9,0,1
"OBS_DEU_P1D_T2M_X",1757,1929-09-13,24.4,0,1
"OBS_DEU_P1D_T2M_X",1757,1929-09-14,24.9,0,1
"OBS_DEU_P1D_T2M_X",1757,1929-09-15,21.4,0,1
"OBS_DEU_P1D_T2M_X",1757,1929-09-16,20.3,0,1
"OBS_DEU_P1D_T2M_X",1757,1929-09-17,20.4,0,1
"OBS_DEU_P1D_T2M_X",1757,1929-09-18,23.9,0,1
"OBS_DEU_P1D_T2M_X",1757,1929-09-19,22.7,0,1
"OBS_DEU_P1D_T2M_X",1757,1929-09-20,16.1,0,1
"OBS_DEU_P1D_T2M_X",1757,1929-09-21,14.1,0,1
"OBS_DEU_P1D_T2M_X",1757,1929-09-22,15.4,0,1
"OBS_DEU_P1D_T2M_X",1757,1929-09-23,16.4,0,1
"OBS_DEU_P1D_T2M_X",1757,1929-09-24,16.9,0,1
"OBS_DEU_P1D_T2M_X",1757,1929-09-25,16.3,0,1
"OBS_DEU_P1D_T2M_X",1757,1929-09-26,16.5,0,1
"OBS_DEU_P1D_T2M_X",1757,1929-09-27,17.6,0,1
"OBS_DEU_P1D_T2M_X",1757,1929-09-28,23.1,0,1
"OBS_DEU_P1D_T2M_X",1757,1929-09-29,22,0,1
"OBS_DEU_P1D_T2M_X",1757,1929-09-30,16.4,0,1
"OBS_DEU_P1D_T2M_X",1757,1929-10-01,14.7,0,1
"OBS_DEU_P1D_T2M_X",1757,1929-10-02,14.1,0,1
"OBS_DEU_P1D_T2M_X",1757,1929-10-03,12.5,0,1
"OBS_DEU_P1D_T2M_X",1757,1929-10-04,15.2,0,1
"OBS_DEU_P1D_T2M_X",1757,1929-10-05,15,0,1
"OBS_DEU_P1D_T2M_X",1757,1929-10-06,16.4,0,1
"OBS_DEU_P1D_T2M_X",1757,1929-10-07,16,0,1
"OBS_DEU_P1D_T2M_X",1757,1929-10-08,18.1,0,1
"OBS_DEU_P1D_T2M_X",1757,1929-10-09,15.9,0,1
"OBS_DEU_P1D_T2M_X",1757,1929-10-10,12.2,0,1
"OBS_DEU_P1D_T2M_X",1757,1929-10-11,14.2,0,1
"OBS_DEU_P1D_T2M_X",1757,1929-10-12,11.9,0,1
"OBS_DEU_P1D_T2M_X",1757,1929-10-13,14.8,0,1
"OBS_DEU_P1D_T2M_X",1757,1929-10-14,14.1,0,1
"OBS_DEU_P1D_T2M_X",1757,1929-10-15,12.6,0,1
"OBS_DEU_P1D_T2M_X",1757,1929-10-16,12,0,1
"OBS_DEU_P1D_T2M_X",1757,1929-10-17,13.9,0,1
"OBS_DEU_P1D_T2M_X",1757,1929-10-18,14.4,0,1
"OBS_DEU_P1D_T2M_X",1757,1929-10-19,11.6,0,1
"OBS_DEU_P1D_T2M_X",1757,1929-10-20,10.9,0,1
"OBS_DEU_P1D_T2M_X",1757,1929-10-21,11.7,0,1
"OBS_DEU_P1D_T2M_X",1757,1929-10-22,11.2,0,1
"OBS_DEU_P1D_T2M_X",1757,1929-10-23,8.9,0,1
"OBS_DEU_P1D_T2M_X",1757,1929-10-24,12.2,0,1
"OBS_DEU_P1D_T2M_X",1757,1929-10-25,13.5,0,1
"OBS_DEU_P1D_T2M_X",1757,1929-10-26,10.2,0,1
"OBS_DEU_P1D_T2M_X",1757,1929-10-27,9.8,0,1
"OBS_DEU_P1D_T2M_X",1757,1929-10-28,10.4,0,1
"OBS_DEU_P1D_T2M_X",1757,1929-10-29,7.8,0,1
"OBS_DEU_P1D_T2M_X",1757,1929-10-30,9.9,0,1
"OBS_DEU_P1D_T2M_X",1757,1929-10-31,8.3,0,1
"OBS_DEU_P1D_T2M_X",1757,1929-11-01,8.1,0,1
"OBS_DEU_P1D_T2M_X",1757,1929-11-02,7.7,0,1
"OBS_DEU_P1D_T2M_X",1757,1929-11-03,6.9,0,1
"OBS_DEU_P1D_T2M_X",1757,1929-11-04,8.9,0,1
"OBS_DEU_P1D_T2M_X",1757,1929-11-05,8.1,0,1
"OBS_DEU_P1D_T2M_X",1757,1929-11-06,7.9,0,1
"OBS_DEU_P1D_T2M_X",1757,1929-11-07,8.9,0,1
"OBS_DEU_P1D_T2M_X",1757,1929-11-08,8.4,0,1
"OBS_DEU_P1D_T2M_X",1757,1929-11-09,9.9,0,1
"OBS_DEU_P1D_T2M_X",1757,1929-11-10,8.5,0,1
"OBS_DEU_P1D_T2M_X",1757,1929-11-11,8.6,0,1
"OBS_DEU_P1D_T2M_X",1757,1929-11-12,8.2,0,1
"OBS_DEU_P1D_T2M_X",1757,1929-11-13,7.9,0,1
"OBS_DEU_P1D_T2M_X",1757,1929-11-14,7.1,0,1
"OBS_DEU_P1D_T2M_X",1757,1929-11-15,5.9,0,1
"OBS_DEU_P1D_T2M_X",1757,1929-11-16,5.9,0,1
"OBS_DEU_P1D_T2M_X",1757,1929-11-17,4,0,1
"OBS_DEU_P1D_T2M_X",1757,1929-11-18,5.7,0,1
"OBS_DEU_P1D_T2M_X",1757,1929-11-19,5.3,0,1
"OBS_DEU_P1D_T2M_X",1757,1929-11-20,8.3,0,1
"OBS_DEU_P1D_T2M_X",1757,1929-11-21,7.1,0,1
"OBS_DEU_P1D_T2M_X",1757,1929-11-22,7.3,0,1
"OBS_DEU_P1D_T2M_X",1757,1929-11-23,8.9,0,1
"OBS_DEU_P1D_T2M_X",1757,1929-11-24,9.2,0,1
"OBS_DEU_P1D_T2M_X",1757,1929-11-25,8.3,0,1
"OBS_DEU_P1D_T2M_X",1757,1929-11-26,7.5,0,1
"OBS_DEU_P1D_T2M_X",1757,1929-11-27,8.4,0,1
"OBS_DEU_P1D_T2M_X",1757,1929-11-28,7.1,0,1
"OBS_DEU_P1D_T2M_X",1757,1929-11-29,10.1,0,1
"OBS_DEU_P1D_T2M_X",1757,1929-11-30,11.3,0,1
"OBS_DEU_P1D_T2M_X",1757,1929-12-01,9.2,0,1
"OBS_DEU_P1D_T2M_X",1757,1929-12-02,8.6,0,1
"OBS_DEU_P1D_T2M_X",1757,1929-12-03,8.3,0,1
"OBS_DEU_P1D_T2M_X",1757,1929-12-04,6.9,0,1
"OBS_DEU_P1D_T2M_X",1757,1929-12-05,10.7,0,1
"OBS_DEU_P1D_T2M_X",1757,1929-12-06,8.9,0,1
"OBS_DEU_P1D_T2M_X",1757,1929-12-07,8.6,0,1
"OBS_DEU_P1D_T2M_X",1757,1929-12-08,8.9,0,1
"OBS_DEU_P1D_T2M_X",1757,1929-12-09,8.3,0,1
"OBS_DEU_P1D_T2M_X",1757,1929-12-10,7.7,0,1
"OBS_DEU_P1D_T2M_X",1757,1929-12-11,6.3,0,1
"OBS_DEU_P1D_T2M_X",1757,1929-12-12,7.8,0,1
"OBS_DEU_P1D_T2M_X",1757,1929-12-13,7.8,0,1
"OBS_DEU_P1D_T2M_X",1757,1929-12-14,10.8,0,1
"OBS_DEU_P1D_T2M_X",1757,1929-12-15,10.9,0,1
"OBS_DEU_P1D_T2M_X",1757,1929-12-16,6.6,0,1
"OBS_DEU_P1D_T2M_X",1757,1929-12-17,4.1,0,1
"OBS_DEU_P1D_T2M_X",1757,1929-12-18,2.7,0,1
"OBS_DEU_P1D_T2M_X",1757,1929-12-19,3.1,0,1
"OBS_DEU_P1D_T2M_X",1757,1929-12-20,-0.6,0,1
"OBS_DEU_P1D_T2M_X",1757,1929-12-21,-1.3,0,1
"OBS_DEU_P1D_T2M_X",1757,1929-12-22,-0.5,0,1
"OBS_DEU_P1D_T2M_X",1757,1929-12-23,-0.6,0,1
"OBS_DEU_P1D_T2M_X",1757,1929-12-24,-5.3,0,1
"OBS_DEU_P1D_T2M_X",1757,1929-12-25,4.4,0,1
"OBS_DEU_P1D_T2M_X",1757,1929-12-26,5,0,1
"OBS_DEU_P1D_T2M_X",1757,1929-12-27,4,0,1
"OBS_DEU_P1D_T2M_X",1757,1929-12-28,2.4,0,1
"OBS_DEU_P1D_T2M_X",1757,1929-12-29,6.8,0,1
"OBS_DEU_P1D_T2M_X",1757,1929-12-30,8.4,0,1
"OBS_DEU_P1D_T2M_X",1757,1929-12-31,5.7,0,1
"OBS_DEU_P1D_T2M_X",1757,1930-01-01,3.9,0,1
"OBS_DEU_P1D_T2M_X",1757,1930-01-02,7.1,0,1
"OBS_DEU_P1D_T2M_X",1757,1930-01-03,7.4,0,1
"OBS_DEU_P1D_T2M_X",1757,1930-01-04,9.6,0,1
"OBS_DEU_P1D_T2M_X",1757,1930-01-05,7.3,0,1
"OBS_DEU_P1D_T2M_X",1757,1930-01-06,8.1,0,1
"OBS_DEU_P1D_T2M_X",1757,1930-01-07,9.1,0,1
"OBS_DEU_P1D_T2M_X",1757,1930-01-08,6.5,0,1
"OBS_DEU_P1D_T2M_X",1757,1930-01-09,4.2,0,1
"OBS_DEU_P1D_T2M_X",1757,1930-01-10,5.7,0,1
"OBS_DEU_P1D_T2M_X",1757,1930-01-11,6.2,0,1
"OBS_DEU_P1D_T2M_X",1757,1930-01-12,4.4,0,1
"OBS_DEU_P1D_T2M_X",1757,1930-01-13,5.7,0,1
"OBS_DEU_P1D_T2M_X",1757,1930-01-14,8.6,0,1
"OBS_DEU_P1D_T2M_X",1757,1930-01-15,10.4,0,1
"OBS_DEU_P1D_T2M_X",1757,1930-01-16,8,0,1
"OBS_DEU_P1D_T2M_X",1757,1930-01-17,3.1,0,1
"OBS_DEU_P1D_T2M_X",1757,1930-01-18,2.5,0,1
"OBS_DEU_P1D_T2M_X",1757,1930-01-19,5.9,0,1
"OBS_DEU_P1D_T2M_X",1757,1930-01-20,8.9,0,1
"OBS_DEU_P1D_T2M_X",1757,1930-01-21,5.9,0,1
"OBS_DEU_P1D_T2M_X",1757,1930-01-22,3.1,0,1
"OBS_DEU_P1D_T2M_X",1757,1930-01-23,3.8,0,1
"OBS_DEU_P1D_T2M_X",1757,1930-01-24,1.4,0,1
"OBS_DEU_P1D_T2M_X",1757,1930-01-25,2.7,0,1
"OBS_DEU_P1D_T2M_X",1757,1930-01-26,1.5,0,1
"OBS_DEU_P1D_T2M_X",1757,1930-01-27,3.4,0,1
"OBS_DEU_P1D_T2M_X",1757,1930-01-28,3.9,0,1
"OBS_DEU_P1D_T2M_X",1757,1930-01-29,4.1,0,1
"OBS_DEU_P1D_T2M_X",1757,1930-01-30,3.4,0,1
"OBS_DEU_P1D_T2M_X",1757,1930-01-31,2.8,0,1
"OBS_DEU_P1D_T2M_X",1757,1930-02-01,1,0,1
"OBS_DEU_P1D_T2M_X",1757,1930-02-02,2.7,0,1
"OBS_DEU_P1D_T2M_X",1757,1930-02-03,3.5,0,1
"OBS_DEU_P1D_T2M_X",1757,1930-02-04,4.6,0,1
"OBS_DEU_P1D_T2M_X",1757,1930-02-05,4.4,0,1
"OBS_DEU_P1D_T2M_X",1757,1930-02-06,3.1,0,1
"OBS_DEU_P1D_T2M_X",1757,1930-02-07,3.2,0,1
"OBS_DEU_P1D_T2M_X",1757,1930-02-08,3.8,0,1
"OBS_DEU_P1D_T2M_X",1757,1930-02-09,4.6,0,1
"OBS_DEU_P1D_T2M_X",1757,1930-02-10,2.1,0,1
"OBS_DEU_P1D_T2M_X",1757,1930-02-11,3.2,0,1
"OBS_DEU_P1D_T2M_X",1757,1930-02-12,2.7,0,1
"OBS_DEU_P1D_T2M_X",1757,1930-02-13,5.8,0,1
"OBS_DEU_P1D_T2M_X",1757,1930-02-14,2.4,0,1
"OBS_DEU_P1D_T2M_X",1757,1930-02-15,5.1,0,1
"OBS_DEU_P1D_T2M_X",1757,1930-02-16,4.8,0,1
"OBS_DEU_P1D_T2M_X",1757,1930-02-17,2.8,0,1
"OBS_DEU_P1D_T2M_X",1757,1930-02-18,2.9,0,1
"OBS_DEU_P1D_T2M_X",1757,1930-02-19,4.1,0,1
"OBS_DEU_P1D_T2M_X",1757,1930-02-20,3.2,0,1
"OBS_DEU_P1D_T2M_X",1757,1930-02-21,2.1,0,1
"OBS_DEU_P1D_T2M_X",1757,1930-02-22,2.5,0,1
"OBS_DEU_P1D_T2M_X",1757,1930-02-23,2.8,0,1
"OBS_DEU_P1D_T2M_X",1757,1930-02-24,2.3,0,1
"OBS_DEU_P1D_T2M_X",1757,1930-02-25,3.4,0,1
"OBS_DEU_P1D_T2M_X",1757,1930-02-26,4.8,0,1
"OBS_DEU_P1D_T2M_X",1757,1930-02-27,5.3,0,1
"OBS_DEU_P1D_T2M_X",1757,1930-02-28,4.2,0,1
"OBS_DEU_P1D_T2M_X",1757,1930-03-01,3.1,0,1
"OBS_DEU_P1D_T2M_X",1757,1930-03-02,2.7,0,1
"OBS_DEU_P1D_T2M_X",1757,1930-03-03,5.2,0,1
"OBS_DEU_P1D_T2M_X",1757,1930-03-04,4.2,0,1
"OBS_DEU_P1D_T2M_X",1757,1930-03-05,6.9,0,1
"OBS_DEU_P1D_T2M_X",1757,1930-03-06,7.4,0,1
"OBS_DEU_P1D_T2M_X",1757,1930-03-07,8,0,1
"OBS_DEU_P1D_T2M_X",1757,1930-03-08,6.6,0,1
"OBS_DEU_P1D_T2M_X",1757,1930-03-09,10.5,0,1
"OBS_DEU_P1D_T2M_X",1757,1930-03-10,12.7,0,1
"OBS_DEU_P1D_T2M_X",1757,1930-03-11,7.2,0,1
"OBS_DEU_P1D_T2M_X",1757,1930-03-12,4.4,0,1
"OBS_DEU_P1D_T2M_X",1757,1930-03-13,5.1,0,1
"OBS_DEU_P1D_T2M_X",1757,1930-03-14,6.9,0,1
"OBS_DEU_P1D_T2M_X",1757,1930-03-15,5,0,1
"OBS_DEU_P1D_T2M_X",1757,1930-03-16,1.5,0,1
"OBS_DEU_P1D_T2M_X",1757,1930-03-17,3.3,0,1
"OBS_DEU_P1D_T2M_X",1757,1930-03-18,4.6,0,1
"OBS_DEU_P1D_T2M_X",1757,1930-03-19,11.4,0,1
"OBS_DEU_P1D_T2M_X",1757,1930-03-20,4.4,0,1
"OBS_DEU_P1D_T2M_X",1757,1930-03-21,9.7,0,1
"OBS_DEU_P1D_T2M_X",1757,1930-03-22,10.8,0,1
"OBS_DEU_P1D_T2M_X",1757,1930-03-23,9.9,0,1
"OBS_DEU_P1D_T2M_X",1757,1930-03-24,9.3,0,1
"OBS_DEU_P1D_T2M_X",1757,1930-03-25,10.4,0,1
"OBS_DEU_P1D_T2M_X",1757,1930-03-26,7.4,0,1
"OBS_DEU_P1D_T2M_X",1757,1930-03-27,6.4,0,1
"OBS_DEU_P1D_T2M_X",1757,1930-03-28,9.3,0,1
"OBS_DEU_P1D_T2M_X",1757,1930-03-29,12.9,0,1
"OBS_DEU_P1D_T2M_X",1757,1930-03-30,11.4,0,1
"OBS_DEU_P1D_T2M_X",1757,1930-03-31,11.4,0,1
"OBS_DEU_P1D_T2M_X",1757,1930-04-01,12.3,0,1
"OBS_DEU_P1D_T2M_X",1757,1930-04-02,8.4,0,1
"OBS_DEU_P1D_T2M_X",1757,1930-04-03,6.5,0,1
"OBS_DEU_P1D_T2M_X",1757,1930-04-04,6.3,0,1
"OBS_DEU_P1D_T2M_X",1757,1930-04-05,8,0,1
"OBS_DEU_P1D_T2M_X",1757,1930-04-06,11.5,0,1
"OBS_DEU_P1D_T2M_X",1757,1930-04-07,7.9,0,1
"OBS_DEU_P1D_T2M_X",1757,1930-04-08,9.4,0,1
"OBS_DEU_P1D_T2M_X",1757,1930-04-09,10.9,0,1
"OBS_DEU_P1D_T2M_X",1757,1930-04-10,9.9,0,1
"OBS_DEU_P1D_T2M_X",1757,1930-04-11,14.9,0,1
"OBS_DEU_P1D_T2M_X",1757,1930-04-12,14.6,0,1
"OBS_DEU_P1D_T2M_X",1757,1930-04-13,16.5,0,1
"OBS_DEU_P1D_T2M_X",1757,1930-04-14,8.7,0,1
"OBS_DEU_P1D_T2M_X",1757,1930-04-15,14.6,0,1
"OBS_DEU_P1D_T2M_X",1757,1930-04-16,9.9,0,1
"OBS_DEU_P1D_T2M_X",1757,1930-04-17,13.3,0,1
"OBS_DEU_P1D_T2M_X",1757,1930-04-18,8.2,0,1
"OBS_DEU_P1D_T2M_X",1757,1930-04-19,6.1,0,1
"OBS_DEU_P1D_T2M_X",1757,1930-04-20,8,0,1
"OBS_DEU_P1D_T2M_X",1757,1930-04-21,13.1,0,1
"OBS_DEU_P1D_T2M_X",1757,1930-04-22,13.1,0,1
"OBS_DEU_P1D_T2M_X",1757,1930-04-23,17.4,0,1
"OBS_DEU_P1D_T2M_X",1757,1930-04-24,15.1,0,1
"OBS_DEU_P1D_T2M_X",1757,1930-04-25,16.6,0,1
"OBS_DEU_P1D_T2M_X",1757,1930-04-26,8.9,0,1
"OBS_DEU_P1D_T2M_X",1757,1930-04-27,10.2,0,1
"OBS_DEU_P1D_T2M_X",1757,1930-04-28,12.6,0,1
"OBS_DEU_P1D_T2M_X",1757,1930-04-29,11.2,0,1
"OBS_DEU_P1D_T2M_X",1757,1930-04-30,11.4,0,1
"OBS_DEU_P1D_T2M_X",1757,1930-05-01,11.1,0,1
"OBS_DEU_P1D_T2M_X",1757,1930-05-02,17.8,0,1
"OBS_DEU_P1D_T2M_X",1757,1930-05-03,16.3,0,1
"OBS_DEU_P1D_T2M_X",1757,1930-05-04,18.4,0,1
"OBS_DEU_P1D_T2M_X",1757,1930-05-05,13.1,0,1
"OBS_DEU_P1D_T2M_X",1757,1930-05-06,11,0,1
"OBS_DEU_P1D_T2M_X",1757,1930-05-07,14.9,0,1
"OBS_DEU_P1D_T2M_X",1757,1930-05-08,11.9,0,1
"OBS_DEU_P1D_T2M_X",1757,1930-05-09,11.1,0,1
"OBS_DEU_P1D_T2M_X",1757,1930-05-10,14.7,0,1
"OBS_DEU_P1D_T2M_X",1757,1930-05-11,11.2,0,1
"OBS_DEU_P1D_T2M_X",1757,1930-05-12,12.6,0,1
"OBS_DEU_P1D_T2M_X",1757,1930-05-13,11.9,0,1
"OBS_DEU_P1D_T2M_X",1757,1930-05-14,13.8,0,1
"OBS_DEU_P1D_T2M_X",1757,1930-05-15,12.4,0,1
"OBS_DEU_P1D_T2M_X",1757,1930-05-16,16.2,0,1
"OBS_DEU_P1D_T2M_X",1757,1930-05-17,18.9,0,1
"OBS_DEU_P1D_T2M_X",1757,1930-05-18,22.1,0,1
"OBS_DEU_P1D_T2M_X",1757,1930-05-19,16.5,0,1
"OBS_DEU_P1D_T2M_X",1757,1930-05-20,14.1,0,1
"OBS_DEU_P1D_T2M_X",1757,1930-05-21,14.6,0,1
"OBS_DEU_P1D_T2M_X",1757,1930-05-22,16,0,1
"OBS_DEU_P1D_T2M_X",1757,1930-05-23,18,0,1
"OBS_DEU_P1D_T2M_X",1757,1930-05-24,18,0,1
"OBS_DEU_P1D_T2M_X",1757,1930-05-25,21,0,1
"OBS_DEU_P1D_T2M_X",1757,1930-05-26,18.9,0,1
"OBS_DEU_P1D_T2M_X",1757,1930-05-27,18.4,0,1
"OBS_DEU_P1D_T2M_X",1757,1930-05-28,21.3,0,1
"OBS_DEU_P1D_T2M_X",1757,1930-05-29,17.4,0,1
"OBS_DEU_P1D_T2M_X",1757,1930-05-30,16.4,0,1
"OBS_DEU_P1D_T2M_X",1757,1930-05-31,17.6,0,1
"OBS_DEU_P1D_T2M_X",1757,1930-06-01,22.9,0,1
"OBS_DEU_P1D_T2M_X",1757,1930-06-02,18.8,0,1
"OBS_DEU_P1D_T2M_X",1757,1930-06-03,13.3,0,1
"OBS_DEU_P1D_T2M_X",1757,1930-06-04,12.1,0,1
"OBS_DEU_P1D_T2M_X",1757,1930-06-05,17.7,0,1
"OBS_DEU_P1D_T2M_X",1757,1930-06-06,20.4,0,1
"OBS_DEU_P1D_T2M_X",1757,1930-06-07,23.5,0,1
"OBS_DEU_P1D_T2M_X",1757,1930-06-08,19.8,0,1
"OBS_DEU_P1D_T2M_X",1757,1930-06-09,16.5,0,1
"OBS_DEU_P1D_T2M_X",1757,1930-06-10,23.9,0,1
"OBS_DEU_P1D_T2M_X",1757,1930-06-11,25.7,0,1
"OBS_DEU_P1D_T2M_X",1757,1930-06-12,27.1,0,1
"OBS_DEU_P1D_T2M_X",1757,1930-06-13,30.4,0,1
"OBS_DEU_P1D_T2M_X",1757,1930-06-14,25.6,0,1
"OBS_DEU_P1D_T2M_X",1757,1930-06-15,17.1,0,1
"OBS_DEU_P1D_T2M_X",1757,1930-06-16,16.8,0,1
"OBS_DEU_P1D_T2M_X",1757,1930-06-17,18.7,0,1
"OBS_DEU_P1D_T2M_X",1757,1930-06-18,21.1,0,1
"OBS_DEU_P1D_T2M_X",1757,1930-06-19,25,0,1
"OBS_DEU_P1D_T2M_X",1757,1930-06-20,25.7,0,1
"OBS_DEU_P1D_T2M_X",1757,1930-06-21,17.9,0,1
"OBS_DEU_P1D_T2M_X",1757,1930-06-22,23.3,0,1
"OBS_DEU_P1D_T2M_X",1757,1930-06-23,28.4,0,1
"OBS_DEU_P1D_T2M_X",1757,1930-06-24,23.9,0,1
"OBS_DEU_P1D_T2M_X",1757,1930-06-25,20.9,0,1
"OBS_DEU_P1D_T2M_X",1757,1930-06-26,20.1,0,1
"OBS_DEU_P1D_T2M_X",1757,1930-06-27,18.2,0,1
"OBS_DEU_P1D_T2M_X",1757,1930-06-28,22.4,0,1
"OBS_DEU_P1D_T2M_X",1757,1930-06-29,19.9,0,1
"OBS_DEU_P1D_T2M_X",1757,1930-06-30,20.2,0,1
"OBS_DEU_P1D_T2M_X",1757,1930-07-01,22,0,1
"OBS_DEU_P1D_T2M_X",1757,1930-07-02,24.7,0,1
"OBS_DEU_P1D_T2M_X",1757,1930-07-03,27.7,0,1
"OBS_DEU_P1D_T2M_X",1757,1930-07-04,25.9,0,1
"OBS_DEU_P1D_T2M_X",1757,1930-07-05,24.4,0,1
"OBS_DEU_P1D_T2M_X",1757,1930-07-06,21.6,0,1
"OBS_DEU_P1D_T2M_X",1757,1930-07-07,20.9,0,1
"OBS_DEU_P1D_T2M_X",1757,1930-07-08,18.7,0,1
"OBS_DEU_P1D_T2M_X",1757,1930-07-09,19.3,0,1
"OBS_DEU_P1D_T2M_X",1757,1930-07-10,18.6,0,1
"OBS_DEU_P1D_T2M_X",1757,1930-07-11,18.4,0,1
"OBS_DEU_P1D_T2M_X",1757,1930-07-12,16.6,0,1
"OBS_DEU_P1D_T2M_X",1757,1930-07-13,19.5,0,1
"OBS_DEU_P1D_T2M_X",1757,1930-07-14,20.7,0,1
"OBS_DEU_P1D_T2M_X",1757,1930-07-15,20.7,0,1
"OBS_DEU_P1D_T2M_X",1757,1930-07-16,20.5,0,1
"OBS_DEU_P1D_T2M_X",1757,1930-07-17,19.4,0,1
"OBS_DEU_P1D_T2M_X",1757,1930-07-18,20.7,0,1
"OBS_DEU_P1D_T2M_X",1757,1930-07-19,17.3,0,1
"OBS_DEU_P1D_T2M_X",1757,1930-07-20,20.8,0,1
"OBS_DEU_P1D_T2M_X",1757,1930-07-21,22.4,0,1
"OBS_DEU_P1D_T2M_X",1757,1930-07-22,19.9,0,1
"OBS_DEU_P1D_T2M_X",1757,1930-07-23,20.1,0,1
"OBS_DEU_P1D_T2M_X",1757,1930-07-24,17.2,0,1
"OBS_DEU_P1D_T2M_X",1757,1930-07-25,14.9,0,1
"OBS_DEU_P1D_T2M_X",1757,1930-07-26,20.1,0,1
"OBS_DEU_P1D_T2M_X",1757,1930-07-27,21.4,0,1
"OBS_DEU_P1D_T2M_X",1757,1930-07-28,21.4,0,1
"OBS_DEU_P1D_T2M_X",1757,1930-07-29,20.1,0,1
"OBS_DEU_P1D_T2M_X",1757,1930-07-30,20.9,0,1
"OBS_DEU_P1D_T2M_X",1757,1930-07-31,19.1,0,1
"OBS_DEU_P1D_T2M_X",1757,1930-08-01,19.1,0,1
"OBS_DEU_P1D_T2M_X",1757,1930-08-02,22.5,0,1
"OBS_DEU_P1D_T2M_X",1757,1930-08-03,20.2,0,1
"OBS_DEU_P1D_T2M_X",1757,1930-08-04,20.6,0,1
"OBS_DEU_P1D_T2M_X",1757,1930-08-05,21.9,0,1
"OBS_DEU_P1D_T2M_X",1757,1930-08-06,19.1,0,1
"OBS_DEU_P1D_T2M_X",1757,1930-08-07,19.8,0,1
"OBS_DEU_P1D_T2M_X",1757,1930-08-08,19.4,0,1
"OBS_DEU_P1D_T2M_X",1757,1930-08-09,19.9,0,1
"OBS_DEU_P1D_T2M_X",1757,1930-08-10,19.9,0,1
"OBS_DEU_P1D_T2M_X",1757,1930-08-11,19,0,1
"OBS_DEU_P1D_T2M_X",1757,1930-08-12,20,0,1
"OBS_DEU_P1D_T2M_X",1757,1930-08-13,18.5,0,1
"OBS_DEU_P1D_T2M_X",1757,1930-08-14,18.8,0,1
"OBS_DEU_P1D_T2M_X",1757,1930-08-15,14.7,0,1
"OBS_DEU_P1D_T2M_X",1757,1930-08-16,16.1,0,1
"OBS_DEU_P1D_T2M_X",1757,1930-08-17,18.3,0,1
"OBS_DEU_P1D_T2M_X",1757,1930-08-18,20.1,0,1
"OBS_DEU_P1D_T2M_X",1757,1930-08-19,21.5,0,1
"OBS_DEU_P1D_T2M_X",1757,1930-08-20,18.4,0,1
"OBS_DEU_P1D_T2M_X",1757,1930-08-21,20.7,0,1
"OBS_DEU_P1D_T2M_X",1757,1930-08-22,21.4,0,1
"OBS_DEU_P1D_T2M_X",1757,1930-08-23,19.7,0,1
"OBS_DEU_P1D_T2M_X",1757,1930-08-24,19.1,0,1
"OBS_DEU_P1D_T2M_X",1757,1930-08-25,19.5,0,1
"OBS_DEU_P1D_T2M_X",1757,1930-08-26,20.3,0,1
"OBS_DEU_P1D_T2M_X",1757,1930-08-27,24.4,0,1
"OBS_DEU_P1D_T2M_X",1757,1930-08-28,21.5,0,1
"OBS_DEU_P1D_T2M_X",1757,1930-08-29,19.7,0,1
"OBS_DEU_P1D_T2M_X",1757,1930-08-30,23.9,0,1
"OBS_DEU_P1D_T2M_X",1757,1930-08-31,25.7,0,1
"OBS_DEU_P1D_T2M_X",1757,1930-09-01,19.3,0,1
"OBS_DEU_P1D_T2M_X",1757,1930-09-02,16.9,0,1
"OBS_DEU_P1D_T2M_X",1757,1930-09-03,17.4,0,1
"OBS_DEU_P1D_T2M_X",1757,1930-09-04,16.9,0,1
"OBS_DEU_P1D_T2M_X",1757,1930-09-05,16.9,0,1
"OBS_DEU_P1D_T2M_X",1757,1930-09-06,18.1,0,1
"OBS_DEU_P1D_T2M_X",1757,1930-09-07,15.9,0,1
"OBS_DEU_P1D_T2M_X",1757,1930-09-08,16,0,1
"OBS_DEU_P1D_T2M_X",1757,1930-09-09,16.1,0,1
"OBS_DEU_P1D_T2M_X",1757,1930-09-10,16.8,0,1
"OBS_DEU_P1D_T2M_X",1757,1930-09-11,16.1,0,1
"OBS_DEU_P1D_T2M_X",1757,1930-09-12,16.9,0,1
"OBS_DEU_P1D_T2M_X",1757,1930-09-13,17.4,0,1
"OBS_DEU_P1D_T2M_X",1757,1930-09-14,21.4,0,1
"OBS_DEU_P1D_T2M_X",1757,1930-09-15,18.9,0,1
"OBS_DEU_P1D_T2M_X",1757,1930-09-16,16.9,0,1
"OBS_DEU_P1D_T2M_X",1757,1930-09-17,15,0,1
"OBS_DEU_P1D_T2M_X",1757,1930-09-18,14.9,0,1
"OBS_DEU_P1D_T2M_X",1757,1930-09-19,16.8,0,1
"OBS_DEU_P1D_T2M_X",1757,1930-09-20,17,0,1
"OBS_DEU_P1D_T2M_X",1757,1930-09-21,16,0,1
"OBS_DEU_P1D_T2M_X",1757,1930-09-22,15.3,0,1
"OBS_DEU_P1D_T2M_X",1757,1930-09-23,16.4,0,1
"OBS_DEU_P1D_T2M_X",1757,1930-09-24,18.9,0,1
"OBS_DEU_P1D_T2M_X",1757,1930-09-25,15,0,1
"OBS_DEU_P1D_T2M_X",1757,1930-09-26,14.9,0,1
"OBS_DEU_P1D_T2M_X",1757,1930-09-27,13.5,0,1
"OBS_DEU_P1D_T2M_X",1757,1930-09-28,14,0,1
"OBS_DEU_P1D_T2M_X",1757,1930-09-29,15.7,0,1
"OBS_DEU_P1D_T2M_X",1757,1930-09-30,16.1,0,1
"OBS_DEU_P1D_T2M_X",1757,1930-10-01,13.6,0,1
"OBS_DEU_P1D_T2M_X",1757,1930-10-02,13,0,1
"OBS_DEU_P1D_T2M_X",1757,1930-10-03,13,0,1
"OBS_DEU_P1D_T2M_X",1757,1930-10-04,13.2,0,1
"OBS_DEU_P1D_T2M_X",1757,1930-10-05,14.4,0,1
"OBS_DEU_P1D_T2M_X",1757,1930-10-06,13.2,0,1
"OBS_DEU_P1D_T2M_X",1757,1930-10-07,11.5,0,1
"OBS_DEU_P1D_T2M_X",1757,1930-10-08,11.3,0,1
"OBS_DEU_P1D_T2M_X",1757,1930-10-09,13.2,0,1
"OBS_DEU_P1D_T2M_X",1757,1930-10-10,12.9,0,1
"OBS_DEU_P1D_T2M_X",1757,1930-10-11,11.6,0,1
"OBS_DEU_P1D_T2M_X",1757,1930-10-12,12.7,0,1
"OBS_DEU_P1D_T2M_X",1757,1930-10-13,12.9,0,1
"OBS_DEU_P1D_T2M_X",1757,1930-10-14,14.2,0,1
"OBS_DEU_P1D_T2M_X",1757,1930-10-15,14.2,0,1
"OBS_DEU_P1D_T2M_X",1757,1930-10-16,17.3,0,1
"OBS_DEU_P1D_T2M_X",1757,1930-10-17,17.4,0,1
"OBS_DEU_P1D_T2M_X",1757,1930-10-18,17.7,0,1
"OBS_DEU_P1D_T2M_X",1757,1930-10-19,14.9,0,1
"OBS_DEU_P1D_T2M_X",1757,1930-10-20,15.3,0,1
"OBS_DEU_P1D_T2M_X",1757,1930-10-21,13.3,0,1
"OBS_DEU_P1D_T2M_X",1757,1930-10-22,11.9,0,1
"OBS_DEU_P1D_T2M_X",1757,1930-10-23,12.6,0,1
"OBS_DEU_P1D_T2M_X",1757,1930-10-24,9,0,1
"OBS_DEU_P1D_T2M_X",1757,1930-10-25,9.2,0,1
"OBS_DEU_P1D_T2M_X",1757,1930-10-26,8.7,0,1
"OBS_DEU_P1D_T2M_X",1757,1930-10-27,11.5,0,1
"OBS_DEU_P1D_T2M_X",1757,1930-10-28,11.7,0,1
"OBS_DEU_P1D_T2M_X",1757,1930-10-29,11.1,0,1
"OBS_DEU_P1D_T2M_X",1757,1930-10-30,13.3,0,1
"OBS_DEU_P1D_T2M_X",1757,1930-10-31,12.7,0,1
"OBS_DEU_P1D_T2M_X",1757,1930-11-01,10,0,1
"OBS_DEU_P1D_T2M_X",1757,1930-11-02,12.9,0,1
"OBS_DEU_P1D_T2M_X",1757,1930-11-03,13.4,0,1
"OBS_DEU_P1D_T2M_X",1757,1930-11-04,11.3,0,1
"OBS_DEU_P1D_T2M_X",1757,1930-11-05,8.8,0,1
"OBS_DEU_P1D_T2M_X",1757,1930-11-06,7.7,0,1
"OBS_DEU_P1D_T2M_X",1757,1930-11-07,5.6,0,1
"OBS_DEU_P1D_T2M_X",1757,1930-11-08,7.8,0,1
"OBS_DEU_P1D_T2M_X",1757,1930-11-09,11.8,0,1
"OBS_DEU_P1D_T2M_X",1757,1930-11-10,12.3,0,1
"OBS_DEU_P1D_T2M_X",1757,1930-11-11,8.3,0,1
"OBS_DEU_P1D_T2M_X",1757,1930-11-12,8.3,0,1
"OBS_DEU_P1D_T2M_X",1757,1930-11-13,10,0,1
"OBS_DEU_P1D_T2M_X",1757,1930-11-14,10.4,0,1
"OBS_DEU_P1D_T2M_X",1757,1930-11-15,9.4,0,1
"OBS_DEU_P1D_T2M_X",1757,1930-11-16,6.7,0,1
"OBS_DEU_P1D_T2M_X",1757,1930-11-17,4.7,0,1
"OBS_DEU_P1D_T2M_X",1757,1930-11-18,3.7,0,1
"OBS_DEU_P1D_T2M_X",1757,1930-11-19,2.5,0,1
"OBS_DEU_P1D_T2M_X",1757,1930-11-20,3.4,0,1
"OBS_DEU_P1D_T2M_X",1757,1930-11-21,6.3,0,1
"OBS_DEU_P1D_T2M_X",1757,1930-11-22,11.9,0,1
"OBS_DEU_P1D_T2M_X",1757,1930-11-23,11.7,0,1
"OBS_DEU_P1D_T2M_X",1757,1930-11-24,8.4,0,1
"OBS_DEU_P1D_T2M_X",1757,1930-11-25,7.1,0,1
"OBS_DEU_P1D_T2M_X",1757,1930-11-26,9.9,0,1
"OBS_DEU_P1D_T2M_X",1757,1930-11-27,11.1,0,1
"OBS_DEU_P1D_T2M_X",1757,1930-11-28,9.3,0,1
"OBS_DEU_P1D_T2M_X",1757,1930-11-29,7,0,1
"OBS_DEU_P1D_T2M_X",1757,1930-11-30,9.3,0,1
"OBS_DEU_P1D_T2M_X",1757,1930-12-01,8.9,0,1
"OBS_DEU_P1D_T2M_X",1757,1930-12-02,8.5,0,1
"OBS_DEU_P1D_T2M_X",1757,1930-12-03,3.3,0,1
"OBS_DEU_P1D_T2M_X",1757,1930-12-04,0,0,1
"OBS_DEU_P1D_T2M_X",1757,1930-12-05,0.8,0,1
"OBS_DEU_P1D_T2M_X",1757,1930-12-06,2,0,1
"OBS_DEU_P1D_T2M_X",1757,1930-12-07,2.5,0,1
"OBS_DEU_P1D_T2M_X",1757,1930-12-08,2.9,0,1
"OBS_DEU_P1D_T2M_X",1757,1930-12-09,3.1,0,1
"OBS_DEU_P1D_T2M_X",1757,1930-12-10,3.7,0,1
"OBS_DEU_P1D_T2M_X",1757,1930-12-11,4.1,0,1
"OBS_DEU_P1D_T2M_X",1757,1930-12-12,4.9,0,1
"OBS_DEU_P1D_T2M_X",1757,1930-12-13,3,0,1
"OBS_DEU_P1D_T2M_X",1757,1930-12-14,1.5,0,1
"OBS_DEU_P1D_T2M_X",1757,1930-12-15,3.6,0,1
"OBS_DEU_P1D_T2M_X",1757,1930-12-16,1.8,0,1
"OBS_DEU_P1D_T2M_X",1757,1930-12-17,0.5,0,1
"OBS_DEU_P1D_T2M_X",1757,1930-12-18,-0.4,0,1
"OBS_DEU_P1D_T2M_X",1757,1930-12-19,2.3,0,1
"OBS_DEU_P1D_T2M_X",1757,1930-12-20,4.1,0,1
"OBS_DEU_P1D_T2M_X",1757,1930-12-21,5.7,0,1
"OBS_DEU_P1D_T2M_X",1757,1930-12-22,6,0,1
"OBS_DEU_P1D_T2M_X",1757,1930-12-23,4.3,0,1
"OBS_DEU_P1D_T2M_X",1757,1930-12-24,1.3,0,1
"OBS_DEU_P1D_T2M_X",1757,1930-12-25,0.3,0,1
"OBS_DEU_P1D_T2M_X",1757,1930-12-26,1.1,0,1
"OBS_DEU_P1D_T2M_X",1757,1930-12-27,1.2,0,1
"OBS_DEU_P1D_T2M_X",1757,1930-12-28,2,0,1
"OBS_DEU_P1D_T2M_X",1757,1930-12-29,2.6,0,1
"OBS_DEU_P1D_T2M_X",1757,1930-12-30,3.3,0,1
"OBS_DEU_P1D_T2M_X",1757,1930-12-31,2.4,0,1
